icb_name,ods_code,press_email,press_email_alt,press_source_url,foi_email,foi_email_alt,foi_source_url,notes
BNSSG ICB,QUY,bnssg.communications@nhs.net,,https://bnssg.icb.nhs.uk/contact-us/,bnssg.foi@nhs.net,,https://bnssg.icb.nhs.uk/contact-us/freedom-of-information-requests/,
"Bath and North East Somerset, Swindon and Wiltshire ICB",QOX,bswicb.media@nhs.net,,Temp/Comms contacts.xlsx (May 2026),bswicb.foi@nhs.net,,https://bsw.icb.nhs.uk/about-us/freedom-of-information/,TODO — added 4 May 2026 during schema migration; press email not yet researched.; Forwarded to South Central and West CSU for processing
Birmingham and Solihull ICB,QHL,communications.bsolicb@nhs.net,,https://www.birminghamsolihull.icb.nhs.uk/contact-us,bsol.foi@nhs.net,,https://www.birminghamsolihull.icb.nhs.uk/what-we-do/freedom-information,Confirmed correct by Dave May 2026 (replaces earlier contactusbsolics@nhs.net which was a general contact address).
Black Country ICB,QUA,comms.blackcountry@nhs.net,,https://blackcountry.icb.nhs.uk/contact-us,bcicb.foiteam@nhs.net,,https://blackcountry.icb.nhs.uk/legal-info,
Central East ICB,S1Y5D,blmkicb.contactus@nhs.net,,https://www.centraleast.icb.nhs.uk/contact/media-enquiries/,foi@centraleast.nhs.uk,,https://www.centraleast.icb.nhs.uk/about/requests/foi/,New merged entity from 1 April 2026 (BLMK + Cambs & Peterborough + Herts & West Essex). Use BLMK predecessor address for now per Dave May 2026 â€” new ICB site offers only a contact form.
Cheshire and Merseyside ICB,QYG,media@cheshireandmerseyside.nhs.uk,,https://www.cheshireandmerseyside.nhs.uk/contact/media/,FOI@cheshireandmerseyside.nhs.uk,,https://www.cheshireandmerseyside.nhs.uk/contact/freedom-of-information-foi/,
Cornwall and Isles of Scilly ICB,QT6,ciosicb.mediarelations@nhs.net,,Temp/Comms contacts.xlsx (May 2026),ciosicb.foi@nhs.net,,https://cios.icb.nhs.uk/about/foi/,Site behind captcha/bot-protection layer. Dave has a direct line.; site behind Cloudflare protection - no FOI page reachable via WebFetch; Live site behind Cloudflare; email confirmed via Wayback Machine archive (Sep 2024 capture)
Coventry and Warwickshire ICB,QWU,cwicb.communications@nhs.net,,https://www.happyhealthylives.uk/contact-us/general-enquiries/,cwicb.hwicb_foi@nhs.net,agem.cwicb.foi@nhs.net,https://www.happyhealthylives.uk/contact-us/freedom-of-information/,happyhealthylives.uk pages returning 403 - blocked
Derby and Derbyshire ICB,QJ2,ddicb.communications@nhs.net,,https://joinedupcarederbyshire.co.uk/contact-us/staff-and-media-contacting-us/,ddicb.foi@nhs.net,,https://joinedupcarederbyshire.co.uk/derbyshire-integrated-care-board/freedom-of-information/,
Devon ICB,QJK,D-icb.Communications@nhs.net,,https://onedevon.org.uk/contact-us/,D-CCG.FOI@nhs.net,,https://devon.icb.nhs.uk/freedom-of-information/,
Dorset ICB,QVV,communication@nhsdorset.nhs.uk,,https://ourdorset.org.uk/media/,FOI.Requests@nhsdorset.nhs.uk,,https://nhsdorset.nhs.uk/about/foi/,
Gloucestershire ICB,QR1,glicb.enquiries@nhs.net,,https://www.nhsglos.nhs.uk/about-us/who-we-are-and-what-we-do/contact-us/media-enquiries/,GLICB.FOI@nhs.net,,https://www.nhsglos.nhs.uk/about-us/how-we-meet-our-duties/using-your-information/freedom-of-information/,General enquiries â€” site has dedicated press page but no email listed.
Greater Manchester ICB,QOP,gmhscp.media@nhs.net,,https://gmintegratedcare.org.uk/get-involved/contact-us/,nhsgm.foi@nhs.net,,https://gmintegratedcare.org.uk/freedom-of-information/,
Hampshire and Isle of Wight ICB,QRL,hiowicb-hsi.communications@nhs.net,,https://www.hantsiow.icb.nhs.uk/contact-us/general-enquiries,hiowicb-hsi.foi@nhs.net,hsiccg.foi@nhs.net,https://www.hantsiow.icb.nhs.uk/contact-us/freedom-information-foi,
Herefordshire and Worcestershire ICB,QGH,hw.comms@nhs.net,,https://herefordshireandworcestershire.icb.nhs.uk/contact-us/,cwicb.hwicb_foi@nhs.net,MLCSU.FOITeam@nhs.net,https://herefordshireandworcestershire.icb.nhs.uk/contact-us,Online form preferred via Corestream
Humber and North Yorkshire ICB,QOQ,hnyicb.communications@nhs.net,,https://humberandnorthyorkshire.icb.nhs.uk/contact-us/,hnyicb.foi@nhs.net,,https://humberandnorthyorkshire.icb.nhs.uk/foi,
Kent and Medway ICB,QKS,kmicb.engagecomms@nhs.net,kmicb.comms@nhs.net,https://www.kentandmedway.icb.nhs.uk/contact-us,kmicb.foi@nhs.net,,https://www.kentandmedway.icb.nhs.uk/freedom-of-information-requests,Mailto link points here; display text shows kmicb.engagecomms@nhs.net â€” either should work. | press primary updated 2026-05-29 from [https://www.kentandmedway.icb.nhs.uk/contact-us]; prior value kmicb.comms@nhs.net moved to _alt
Lancashire and South Cumbria ICB,QE1,lscicb.media@nhs.net,healthierlsc.media@nhs.net,https://www.lancashireandsouthcumbria.icb.nhs.uk/contact-us/media-office,mlcsu.foiteam@nhs.net,,https://www.lancashireandsouthcumbria.icb.nhs.uk/contact-us/foi,FOI handled by Midlands and Lancashire CSU
Leicester Leicestershire and Rutland ICB,QK1,llricb-llr.pressoffice@nhs.net,,https://leicesterleicestershireandrutland.icb.nhs.uk/contact/,llricb-llr.FOI@nhs.net,llricb-llr.enquiries@nhs.net,https://leicesterleicestershireandrutland.icb.nhs.uk/about/freedom-of-information/,
Lincolnshire ICB,QJM,LICB.office@nhs.net,charley.blyth@nhs.net,https://lincolnshire.icb.nhs.uk/contact-us/,agem.lincolnshireicb.foi@nhs.net,,https://lincolnshire.icb.nhs.uk/freedom-of-information,General office address â€” no published press-specific email.
NHS Essex ICB,D7T5G,communications@midandsouthessex.ics.nhs.uk,,https://www.midandsouthessex.ics.nhs.uk/contact/,mseicb-foi@nhs.net,,https://www.midandsouthessex.ics.nhs.uk/contact/foi/,New merged entity from 1 April 2026; predecessor Mid and South Essex address still active.; input website seed was mid and south Essex ICB
Norfolk and Suffolk ICB,T6Y0W,nwicb.communications@nhs.net,,https://www.norfolkandsuffolk.icb.nhs.uk/contact/,nwicb.foi@nhs.net,,https://www.norfolkandsuffolk.icb.nhs.uk/about/governance/foi/,Email obfuscated via Cloudflare; decoded from data-cfemail (legacy Norfolk and Waveney prefix)
North East London ICB,QMF,necsu.media@nhs.net,,https://northeastlondon.icb.nhs.uk/contact-us/media-enquiries/,nelondonicb.foi@nhs.net,,https://northeastlondon.icb.nhs.uk/contact-us/freedom-of-information/,NEL CSU shared press inbox; covers the ICB. Page also lists nelcsu.media@nhs.net.
North East and North Cumbria ICB,QHM,nencicb.comms@nhs.net,,https://northeastnorthcumbria.nhs.uk/contact-us/,nencicb.foi@nhs.net,necsu.ICBfoi@nhs.net,https://northeastnorthcumbria.nhs.uk/about-us/corporate-information/freedom-of-information/,Confirmed correct by Dave May 2026 (replaces earlier Nencicb-sun.reception@nhs.net which was a general reception address).
Northamptonshire ICB,QPM,northantsicb.communications@nhs.net,,https://www.icnorthamptonshire.org.uk/contact,agem.foi.northants@nhs.net,,https://www.icnorthamptonshire.org.uk/contact,
Nottingham and Nottinghamshire ICB,QT1,nnicb-nn.comms@nhs.net,,https://notts.icb.nhs.uk/contact-us/general-enquiries/,nnicb-nn.foi@nhs.net,,https://notts.icb.nhs.uk/contact-us/freedom-of-information/,Live page returning 504 gateway timeout; email confirmed via Wayback Machine archive (Jan 2026 capture)
"Shropshire, Telford and Wrekin ICB",QOC,stw.communications@nhs.net,,https://www.shropshiretelfordandwrekin.nhs.uk/contact-us/,stw.ssot.foi@nhs.net,mlcsu.foiteam@nhs.net,https://www.shropshiretelfordandwrekin.nhs.uk/contact-us/,
Somerset ICB,QSL,somicb.communications@nhs.net,,https://nhssomerset.nhs.uk/contact-us/,somicb.foi@nhs.net,somccg.foi@nhs.net,https://nhssomerset.nhs.uk/about-us/freedom-of-information/,
South East London ICB,QKK,media@selondonics.nhs.uk,,https://www.selondonics.org/contact-us/,FOI@selondonics.nhs.uk,,https://www.selondonics.org/contact-us/,
South West London ICB,QWE,pressoffice@swlondon.nhs.uk,,https://www.southwestlondon.icb.nhs.uk/contact/,foi@swlondon.nhs.uk,swl.igandfoiteam@swlondon.nhs.uk,https://www.southwestlondon.icb.nhs.uk/contact/freedom-of-information-requests/,
South Yorkshire ICB,QF7,syicb.communications@nhs.net,,https://southyorkshire.icb.nhs.uk/contact-us,syicb-sheffield.freedomofinformation@nhs.net,,https://southyorkshire.icb.nhs.uk/our-information/freedom-information-foi,
Staffordshire and Stoke-on-Trent ICB,QNC,ssotics.comms@staffsstoke.icb.nhs.uk,mediacsu@nhs.net,https://staffsstoke.icb.nhs.uk/contact-us/,staffsstokefoi@staffsstoke.icb.nhs.uk,,https://staffsstoke.icb.nhs.uk/your-nhs-integrated-care-board/freedom-of-information/,
Surrey and Sussex ICB,S9B9J,sxicb.comms@nhs.net,,https://www.sussex.ics.nhs.uk/contact-us/,sxicb.foi@nhs.net,,https://www.sussex.ics.nhs.uk/nhs-sussex/freedom-of-information/,Legacy Sussex ICB address â€” new Surrey and Sussex site has form only. Likely still routed correctly.; Input seed was Sussex ICS website; Surrey may have separate contact
Thames Valley ICB,S0E4D,bobicb.media@nhs.net,frimleyicb.public@nhs.net,https://thamesvalley.icb.nhs.uk/contact-us,frimleyicb.foi@nhs.net,SCWCSU.FOI@nhs.net,https://thamesvalley.icb.nhs.uk/contact-us/freedom-of-information,Predecessor Frimley general address â€” new merged Thames Valley ICB has no dedicated press email yet.; Email obfuscated on page (joomla-hidden-mail base64); decoded from page source. Handled by South Central and West CSU | press primary updated 2026-06-06 from https://thamesvalley.icb.nhs.uk/contact-us (dedicated media address bobicb.media@nhs.net now shown; prior frimleyicb.public@nhs.net to _alt); foi primary updated 2026-06-06 from https://thamesvalley.icb.nhs.uk/contact-us/freedom-of-information (frimleyicb.foi@nhs.net now shown; prior SCWCSU.FOI@nhs.net to _alt).
West Yorkshire ICB,QWO,wyicb.wymedia@nhs.net,,https://www.wypartnership.co.uk/contact-us,wyicb.foi@nhs.net,wyicb-wak.foi@nhs.net,https://www.westyorkshire.icb.nhs.uk/contact/submit-information-request,
West and North London ICB,Z9B2Z,nhsnwl.media@nhs.net,,https://www.nwlondonicb.nhs.uk/contact-us/media-enquiries,nhsnwl.foi@nhs.net,,https://www.westandnorthlondon.icb.nhs.uk/how-we-are-run/your-information-feedback-and-your-rights/freedom-information-requests,New merged entity from 1 April 2026 (NCL + NW London). Site is hosted at nwlondonicb.nhs.uk with new branding at westandnorthlondon.icb.nhs.uk.
