ods_code,name,alt_names,type,region,ics,correspondent,url
RA2,Royal Surrey County Hospital NHS Foundation Trust,Royal Surrey County Hospital,Acute and Acute & Community Trusts,South East,Surrey Heartlands,Alison,https://www.royalsurrey.nhs.uk/board-papers/
RDR,Sussex Community NHS Foundation Trust,Sussex Community;SCFT,Community Trusts,South East,Sussex,Alison,https://www.sussexcommunity.nhs.uk/about-us/how-we-are-run/board-of-directors/board-meetings-and-papers
RN7,Dartford and Gravesham NHS Trust,Dartford and Gravesham;Dartford Gravesham;DARENT,Acute and Acute & Community Trusts,South East,Kent and Medway,Alison,https://www.dgt.nhs.uk/about-us/trust-management/trust-boardmanagement/trust-board-minutesagendas
RPA,Medway NHS Foundation Trust,Medway;MFT Medway,Acute and Acute & Community Trusts,South East,Kent and Medway,Alison,https://www.medway.nhs.uk/about-us/board-meetings/
RPC,Queen Victoria Hospital NHS Foundation Trust,Queen Victoria Hospital,Acute Specialist Trusts,South East,Sussex,Alison,https://www.qvh.nhs.uk/about-us/board-of-directors/meetings-in-public/
RTK,Ashford and St Peter's Hospitals NHS Foundation Trust,Ashford and St Peter's Hospitals;Ashford St Peters;ASPH,Acute and Acute & Community Trusts,South East,Surrey Heartlands,Alison,https://www.ashfordstpeters.nhs.uk/meetings
RTP,Surrey and Sussex Healthcare NHS Trust,Surrey and Sussex Healthcare;Surrey Sussex Healthcare;SASH,Acute and Acute & Community Trusts,South East,Surrey Heartlands,Alison,https://www.surreyandsussex.nhs.uk/about-us/our-board/board-papers
RVV,East Kent Hospitals University NHS Foundation Trust,East Kent Hospitals University;EKHUFT,Acute and Acute & Community Trusts,South East,Kent and Medway,Alison,https://www.ekhuft.nhs.uk/about-us/board-of-directors/
RWF,Maidstone and Tunbridge Wells NHS Trust,Maidstone and Tunbridge Wells;Maidstone Tunbridge Wells;MTW,Acute and Acute & Community Trusts,South East,Kent and Medway,Alison,https://www.mtw.nhs.uk/about-us/trust-board/board-meetings-and-papers/
RX2,Sussex Partnership NHS Foundation Trust,Sussex Partnership,"Mental Health & Learning Disability and Mental Health, Learning Disability & Community Trusts",South East,Sussex,Alison,https://www.sussexpartnership.nhs.uk/about-us/how-our-trust-run/board-meetings
RXC,East Sussex Healthcare NHS Trust,East Sussex Healthcare;ESHT,Acute and Acute & Community Trusts,South East,Sussex,Alison,https://www.esht.nhs.uk/about-us/trust-board/meetings-in-public/
RXX,Surrey and Borders Partnership NHS Foundation Trust,Surrey and Borders Partnership,"Mental Health & Learning Disability and Mental Health, Learning Disability & Community Trusts",South East,Surrey Heartlands,Alison,https://www.sabp.nhs.uk/aboutus/board-of-directors/board-meetings-papers
RXY,Kent and Medway NHS and Social Care Partnership Trust,,"Mental Health & Learning Disability and Mental Health, Learning Disability & Community Trusts",South East,Kent and Medway,Alison,https://www.kmpt.nhs.uk/about-us/trust-board/
RYR,University Hospitals Sussex NHS Foundation Trust,University Hospitals Sussex;UH Sussex;UHSussex,Acute and Acute & Community Trusts,South East,Sussex,Alison,https://www.uhsussex.nhs.uk/resources/public-board-papers-10-november-2022/
RYY,Kent Community Health NHS Foundation Trust,Kent Community Health,Community Trusts,South East,Kent and Medway,Alison,https://www.kentcht.nhs.uk/about-us/who-we-are/the-board/
RFS,Chesterfield Royal Hospital NHS Foundation Trust,Chesterfield Royal Hospital;Chesterfield Royal,Acute and Acute & Community Trusts,Midlands,Derby and Derbyshire,Annabelle,https://www.chesterfieldroyal.nhs.uk/about-us/our-board-directors/board-directors-papers-meetings-and-minutes
RHA,Nottinghamshire Healthcare NHS Foundation Trust,Nottinghamshire Healthcare,"Mental Health & Learning Disability and Mental Health, Learning Disability & Community Trusts",Midlands,Nottingham and Nottinghamshire,Annabelle,https://www.nottinghamshirehealthcare.nhs.uk/board-of-directors-and-meetings
RK5,Sherwood Forest Hospitals NHS Foundation Trust,Sherwood Forest Hospitals;SFH;King's Mill Hospital,Acute and Acute & Community Trusts,Midlands,Nottingham and Nottinghamshire,Annabelle,https://www.sfh-tr.nhs.uk/about-us/board-of-directors/
RNQ,Kettering General Hospital NHS Foundation Trust,Kettering General Hospital;KGH,Acute and Acute & Community Trusts,Midlands,Northamptonshire,Annabelle,https://www.kgh.nhs.uk/board-of-directors-and-board-meetings
RNS,Northampton General Hospital NHS Trust,Northampton General Hospital,Acute and Acute & Community Trusts,Midlands,Northamptonshire,Annabelle,https://www.northamptongeneral.nhs.uk/About/Our-Trust-Board/Meeting-and-papers/Meeting-papers.aspx
RP1,Northamptonshire Healthcare NHS Foundation Trust,Northamptonshire Healthcare,"Mental Health & Learning Disability and Mental Health, Learning Disability & Community Trusts",Midlands,Northamptonshire,Annabelle,https://www.nhft.nhs.uk/board/
RP7,Lincolnshire Partnership NHS Foundation Trust,Lincolnshire Partnership;LPFT,"Mental Health & Learning Disability and Mental Health, Learning Disability & Community Trusts",Midlands,Lincolnshire,Annabelle,https://www.lpft.nhs.uk/get-involved/meeting-dates-and-minutes/board-directors-meetings
RT5,Leicestershire Partnership NHS Trust,Leicestershire Partnership;LPT,"Mental Health & Learning Disability and Mental Health, Learning Disability & Community Trusts",Midlands,"Leicester, Leicestershire and Rutland",Annabelle,https://www.leicspart.nhs.uk/about-us/trust-board/
RTG,University Hospitals of Derby and Burton NHS Foundation Trust,University Hospitals of Derby and Burton;UHDB;University Hospitals Derby Burton,Acute and Acute & Community Trusts,Midlands,Derby and Derbyshire,Annabelle,https://www.uhdb.nhs.uk/trust-board-members/
RWD,United Lincolnshire Hospitals NHS Trust,United Lincolnshire Hospitals;ULHT,Acute and Acute & Community Trusts,Midlands,Lincolnshire,Annabelle,https://www.ulh.nhs.uk/about/board-meetings/
RWE,University Hospitals of Leicester NHS Trust,University Hospitals of Leicester;University Hospitals Leicester;UHL,Acute and Acute & Community Trusts,Midlands,"Leicester, Leicestershire and Rutland",Annabelle,https://www.uhleicester.nhs.uk/about/board/board-papers-and-meetings/
RX1,Nottingham University Hospitals NHS Trust,Nottingham University Hospitals;NUH,Acute and Acute & Community Trusts,Midlands,Nottingham and Nottinghamshire,Annabelle,https://www.nuh.nhs.uk/board-and-board-papers/
RXM,Derbyshire Healthcare NHS Foundation Trust,Derbyshire Healthcare,"Mental Health & Learning Disability and Mental Health, Learning Disability & Community Trusts",Midlands,Derby and Derbyshire,Annabelle,https://www.derbyshirehealthcareft.nhs.uk/about-us/our-board-directors/board-meetings
RY5,Lincolnshire Community Health Services NHS Trust,Lincolnshire Community Health Services,Community Trusts,Midlands,Lincolnshire,Annabelle,https://lincolnshirecommunityhealthservices.nhs.uk/about-us/our-trust-board/trust-board-papers
RY8,Derbyshire Community Health Services NHS Foundation Trust,Derbyshire Community Health Services,Community Trusts,Midlands,Derby and Derbyshire,Annabelle,https://dchs.nhs.uk/about-us/our-board
R1A,Herefordshire and Worcestershire Health and Care NHS Trust,Herefordshire and Worcestershire Health and Care,"Mental Health & Learning Disability and Mental Health, Learning Disability & Community Trusts",Midlands,Herefordshire and Worcestershire,Caitlin,https://www.hacw.nhs.uk/board-papers/
R1D,Shropshire Community Health NHS Trust,Shropshire Community Health,Community Trusts,Midlands,"Shropshire, Telford and Wrekin",Caitlin,https://www.shropscommunityhealth.nhs.uk/board-meetings-and-papers
RBK,Walsall Healthcare NHS Trust,Walsall Healthcare;Manor Hospital Walsall,Acute and Acute & Community Trusts,Midlands,Black Country,Caitlin,https://www.walsallhealthcare.nhs.uk/about-us/how-we-are-run/board-papers/
RJC,South Warwickshire University NHS Foundation Trust,South Warwickshire University;SWFT,Acute and Acute & Community Trusts,Midlands,Coventry and Warwickshire,Caitlin,https://www.swft.nhs.uk/meetings-and-events/board-meetings
RJE,University Hospitals of North Midlands NHS Trust,University Hospitals of North Midlands;UHNM;University Hospitals North Midlands,Acute and Acute & Community Trusts,Midlands,Staffordshire and Stoke-on-Trent,Caitlin,https://www.uhnm.nhs.uk/about-us/our-board/
RKB,University Hospitals Coventry and Warwickshire NHS Trust,University Hospitals Coventry and Warwickshire;UHCW;University Hospitals Coventry Warwickshire,Acute and Acute & Community Trusts,Midlands,Coventry and Warwickshire,Caitlin,https://www.uhcw.nhs.uk/our-organisation/trust-board-meetings/
RL1,The Robert Jones and Agnes Hunt Orthopaedic Hospital NHS Foundation Trust,Robert Jones and Agnes Hunt Orthopaedic Hospital;Robert Jones Agnes Hunt;RJAH;Oswestry,Acute Specialist Trusts,Midlands,"Shropshire, Telford and Wrekin",Caitlin,https://www.rjah.nhs.uk/about-us/board-of-directors/board-of-directors-meeting-dates
RL4,The Royal Wolverhampton NHS Trust,Royal Wolverhampton;RWT;New Cross Hospital,Acute and Acute & Community Trusts,Midlands,Black Country,Caitlin,https://www.royalwolverhampton.nhs.uk/about-us/our-board/
RLQ,Wye Valley NHS Trust,Wye Valley;Hereford Hospital,Acute and Acute & Community Trusts,Midlands,Herefordshire and Worcestershire,Caitlin,https://www.wyevalley.nhs.uk/about-us/the-trust-board.aspx
RLT,George Eliot Hospital NHS Trust,George Eliot Hospital;GEH,Acute and Acute & Community Trusts,Midlands,Coventry and Warwickshire,Caitlin,https://www.geh.nhs.uk/about-us/trust-board/public-board-papers
RLY,North Staffordshire Combined Healthcare NHS Trust,North Staffordshire Combined Healthcare,"Mental Health & Learning Disability and Mental Health, Learning Disability & Community Trusts",Midlands,Staffordshire and Stoke-on-Trent,Caitlin,https://www.combined.nhs.uk/about/our-board/board-meetings/
RNA,The Dudley Group NHS Foundation Trust,Dudley Group;Russells Hall Hospital,Acute and Acute & Community Trusts,Midlands,Black Country,Caitlin,https://www.dgft.nhs.uk/about-us/our-board/
RQ3,Birmingham Women's and Children's NHS Foundation Trust,Birmingham Women's and Children's;Birmingham Children's Hospital NHS Foundation Trust;Birmingham Children's Hospital;BCH,Acute and Acute & Community Trusts,Midlands,Birmingham and Solihull,Caitlin,https://www.bwc.nhs.uk/board-of-directors/
RRE,Midlands Partnership University NHS Foundation Trust,Midlands Partnership University;MPFT,"Mental Health & Learning Disability and Mental Health, Learning Disability & Community Trusts",Midlands,Staffordshire and Stoke-on-Trent,Caitlin,https://www.mpft.nhs.uk/about-us/board-papers/
RRJ,The Royal Orthopaedic Hospital NHS Foundation Trust,Royal Orthopaedic Hospital,Acute Specialist Trusts,Midlands,Birmingham and Solihull,Caitlin,https://roh.nhs.uk/about-us/corporate-information/statutory-documents
RRK,University Hospitals Birmingham NHS Foundation Trust,University Hospitals Birmingham;UHB,Acute and Acute & Community Trusts,Midlands,Birmingham and Solihull,Caitlin,https://www.uhb.nhs.uk/about-us/board-papers/
RWP,Worcestershire Acute Hospitals NHS Trust,Worcestershire Acute Hospitals;WAHT,Acute and Acute & Community Trusts,Midlands,Herefordshire and Worcestershire,Caitlin,https://www.worcsacute.nhs.uk/about-us/trust-board/
RXK,Sandwell and West Birmingham Hospitals NHS Trust,Sandwell and West Birmingham Hospitals,Acute and Acute & Community Trusts,Midlands,Black Country,Caitlin,https://www.swbh.nhs.uk/about-us/trust-board/
RXT,Birmingham and Solihull Mental Health NHS Foundation Trust,Birmingham and Solihull Mental Health,"Mental Health & Learning Disability and Mental Health, Learning Disability & Community Trusts",Midlands,Birmingham and Solihull,Caitlin,https://www.bsmhft.nhs.uk/about-us/corporate-documents/trust-board-papers/
RXW,The Shrewsbury and Telford Hospital NHS Trust,Shrewsbury and Telford Hospital;Shrewsbury Telford Hospital;SaTH,Acute and Acute & Community Trusts,Midlands,"Shropshire, Telford and Wrekin",Caitlin,https://www.sath.nhs.uk/about-us/board-papers/
RYG,Coventry and Warwickshire Partnership NHS Trust,Coventry and Warwickshire Partnership,"Mental Health & Learning Disability and Mental Health, Learning Disability & Community Trusts",Midlands,Coventry and Warwickshire,Caitlin,https://www.covwarkpt.nhs.uk/trust-board-dates-and-papers
RYW,Birmingham Community Healthcare NHS Foundation Trust,Birmingham Community Healthcare,Community Trusts,Midlands,Birmingham and Solihull,Caitlin,https://www.bhamcommunity.nhs.uk/our-board/
TAJ,Black Country Healthcare NHS Foundation Trust,Black Country Healthcare,"Mental Health & Learning Disability and Mental Health, Learning Disability & Community Trusts",Midlands,Black Country,Caitlin,https://www.blackcountryhealthcare.nhs.uk/about-us/our-board-of-directors
RAX,Kingston Hospital NHS Foundation Trust,Kingston Hospital,Acute and Acute & Community Trusts,London,South West London,Ella,https://www.kingstonhospital.nhs.uk/about-us/board-papers/
RJ1,Guy's and St Thomas' NHS Foundation Trust,Guy's and St Thomas';Guys and St Thomas;GSTT;Guy's and St Thomas's,Acute and Acute & Community Trusts,London,South East London,Ella,https://www.guysandstthomas.nhs.uk/about-us/our-board/agenda-and-papers
RJ2,Lewisham and Greenwich NHS Trust,Lewisham and Greenwich,Acute and Acute & Community Trusts,London,South East London,Ella,https://www.lewishamandgreenwich.nhs.uk/board-papers/
RJ6,Croydon Health Services NHS Trust,Croydon Health Services,Acute and Acute & Community Trusts,London,South West London,Ella,https://www.croydonhealthservices.nhs.uk/board-timetable-and-papers
RJ7,St George's University Hospitals NHS Foundation Trust,St George's University Hospitals;St Georges University Hospitals;St George's,Acute and Acute & Community Trusts,London,South West London,Ella,https://www.stgeorges.nhs.uk/about-us/board-papers/
RJZ,King's College Hospital NHS Foundation Trust,King's College Hospital;Kings College Hospital;KCH,Acute and Acute & Community Trusts,London,South East London,Ella,https://www.kch.nhs.uk/about/how-we-are-organised/board-of-directors/minutes-and-agendas/
RVR,Epsom and St Helier University Hospitals NHS Trust,Epsom and St Helier University Hospitals,Acute and Acute & Community Trusts,London,South West London,Ella,https://www.epsom-sthelier.nhs.uk/about-us/board-papers/
RP6,Moorfields Eye Hospital NHS Foundation Trust,Moorfields Eye Hospital;Moorfields,Acute Specialist Trusts,London,North Central London,Ella,https://www.moorfields.nhs.uk/about-us/our-organisation/corporate-publications/board-reports
RPY,The Royal Marsden NHS Foundation Trust,Royal Marsden;RMH,Acute Specialist Trusts,London,North West London,Ella,https://www.royalmarsden.nhs.uk/board-meetings/
RY9,Hounslow and Richmond Community Healthcare NHS Trust,Hounslow and Richmond Community Healthcare,Community Trusts,London,South West London,Ella,https://www.hrch.nhs.uk/
RYX,Central London Community Healthcare NHS Trust,Central London Community Healthcare;CLCH,Community Trusts,London,,Ella,https://www.clch.nhs.uk/about-us/our-board/
RAE,Bradford Teaching Hospitals NHS Foundation Trust,Bradford Teaching Hospitals,Acute and Acute & Community Trusts,North East and Yorkshire,West Yorkshire,Henry,https://www.bradfordhospitals.nhs.uk/our-trust/bod-meetings/
RCB,York and Scarborough Teaching Hospitals NHS Foundation Trust,York and Scarborough Teaching Hospitals;York Scarborough Teaching Hospitals;York Hospitals,Acute and Acute & Community Trusts,North East and Yorkshire,Humber and North Yorkshire,Henry,https://www.yorkhospitals.nhs.uk/about-us/board-of-directors/board-of-directors-meetings/
RCD,Harrogate and District NHS Foundation Trust,Harrogate and District;Harrogate District;HDFT,Acute and Acute & Community Trusts,North East and Yorkshire,Humber and North Yorkshire,Henry,https://www.hdft.nhs.uk/about/board-meeting/
RCF,Airedale NHS Foundation Trust,Airedale;Airedale Hospital,Acute and Acute & Community Trusts,North East and Yorkshire,West Yorkshire,Henry,https://www.airedale-trust.nhs.uk/about-us/our-board-and-leadership/
RCU,Sheffield Children's NHS Foundation Trust,Sheffield Children's;Sheffield Childrens,Acute and Acute & Community Trusts,North East and Yorkshire,South Yorkshire,Henry,https://www.sheffieldchildrens.nhs.uk/about-us/board-of-directors/
RFF,Barnsley Hospital NHS Foundation Trust,Barnsley Hospital;BHFT,Acute and Acute & Community Trusts,North East and Yorkshire,South Yorkshire,Henry,https://www.barnsleyhospital.nhs.uk/about/how-we-are-run/board-of-directors/meetings-and-papers
RFR,The Rotherham NHS Foundation Trust,Rotherham;TRFT,Acute and Acute & Community Trusts,North East and Yorkshire,South Yorkshire,Henry,https://www.therotherhamft.nhs.uk/about-us/board-meetings
RGD,Leeds and York Partnership NHS Foundation Trust,Leeds and York Partnership;Leeds York Partnership;LYPFT,"Mental Health & Learning Disability and Mental Health, Learning Disability & Community Trusts",North East and Yorkshire,West Yorkshire,Henry,https://www.leedsandyorkpft.nhs.uk/about-us/board-of-directors/board-of-directors-meetings/
RHQ,Sheffield Teaching Hospitals NHS Foundation Trust,Sheffield Teaching Hospitals;STH,Acute and Acute & Community Trusts,North East and Yorkshire,South Yorkshire,Henry,https://www.sth.nhs.uk/about-us/board-meetings/
RJL,Northern Lincolnshire and Goole NHS Foundation Trust,Northern Lincolnshire and Goole,Acute and Acute & Community Trusts,North East and Yorkshire,Humber and North Yorkshire,Henry,https://www.nlg.nhs.uk/resources/board-papers-archive-2021/
RP5,Doncaster and Bassetlaw Teaching Hospitals NHS Foundation Trust,Doncaster and Bassetlaw Teaching Hospitals;Doncaster Bassetlaw Teaching Hospitals;DBTH,Acute and Acute & Community Trusts,North East and Yorkshire,South Yorkshire,Henry,https://www.dbth.nhs.uk/board/
RR8,Leeds Teaching Hospitals NHS Trust,Leeds Teaching Hospitals;LTHT,Acute and Acute & Community Trusts,North East and Yorkshire,West Yorkshire,Henry,https://www.leedsth.nhs.uk/about-us/board-papers/
RV9,Humber Teaching NHS Foundation Trust,Humber Teaching,"Mental Health & Learning Disability and Mental Health, Learning Disability & Community Trusts",North East and Yorkshire,Humber and North Yorkshire,Henry,https://www.humber.nhs.uk/about/trust-board/
RWA,Hull University Teaching Hospitals NHS Trust,Hull University Teaching Hospitals;HUTH,Acute and Acute & Community Trusts,North East and Yorkshire,Humber and North Yorkshire,Henry,https://www.hey.nhs.uk/about-us/board-papers/
RWY,Calderdale and Huddersfield NHS Foundation Trust,Calderdale and Huddersfield;Calderdale Huddersfield;CHFT,Acute and Acute & Community Trusts,North East and Yorkshire,West Yorkshire,Henry,https://www.cht.nhs.uk/publications/board-of-directors-meeting-dates-and-papers
RXE,Rotherham Doncaster and South Humber NHS Foundation Trust,Rotherham Doncaster and South Humber;Rotherham NHS Foundation Trust;Rotherham;TRFT,"Mental Health & Learning Disability and Mental Health, Learning Disability & Community Trusts",North East and Yorkshire,South Yorkshire,Henry,https://www.rdash.nhs.uk/about-us/governance/board-of-directors/board-of-directors-meetings/
RXF,Mid Yorkshire Teaching NHS Trust,Mid Yorkshire Teaching;MYTT;Mid Yorkshire Hospitals,Acute and Acute & Community Trusts,North East and Yorkshire,West Yorkshire,Henry,https://www.midyorks.nhs.uk/board-meetings/
RXG,South West Yorkshire Partnership NHS Foundation Trust,South West Yorkshire Partnership;SWYPFT,"Mental Health & Learning Disability and Mental Health, Learning Disability & Community Trusts",North East and Yorkshire,West Yorkshire,Henry,https://www.southwestyorkshire.nhs.uk/about-us-2/how-were-run/our-trust-board/meeting-papers/
RY6,Leeds Community Healthcare NHS Trust,Leeds Community Healthcare,Community Trusts,North East and Yorkshire,West Yorkshire,Henry,https://leedscommunityhealthcare.nhs.uk/about-us/board-of-directors/board-papers-and-meetings/
TAD,Bradford District Care NHS Foundation Trust,Bradford District Care,"Mental Health & Learning Disability and Mental Health, Learning Disability & Community Trusts",North East and Yorkshire,West Yorkshire,Henry,https://www.bdct.nhs.uk/about-us/board-meetings-and-papers/
TAH,Sheffield Health and Social Care NHS Foundation Trust,Sheffield Health and Social Care,"Mental Health & Learning Disability and Mental Health, Learning Disability & Community Trusts",North East and Yorkshire,South Yorkshire,Henry,https://www.shsc.nhs.uk/about-us/board-directors
RCX,The Queen Elizabeth Hospital King's Lynn NHS Foundation Trust,Queen Elizabeth Hospital King's Lynn;Queen Elizabeth Hospital Kings Lynn;QEH Kings Lynn;QEHKL,Acute and Acute & Community Trusts,East of England,Norfolk and Waveney,James,https://www.qehkl.nhs.uk/about-us/meetings-of-the-board-of-directors/
RDE,East Suffolk and North Essex NHS Foundation Trust,East Suffolk and North Essex;ESNEFT;East Suffolk North Essex,Acute and Acute & Community Trusts,East of England,Suffolk and North East Essex,James,https://www.esneft.nhs.uk/about-us/how-we-work/board-of-directors-meetings/
RGM,Royal Papworth Hospital NHS Foundation Trust,Royal Papworth Hospital,Acute Specialist Trusts,East of England,Cambridgeshire and Peterborough,James,https://royalpapworth.nhs.uk/our-hospital/how-we-are-run/our-board-directors/board-directors-meetings
RGN,North West Anglia NHS Foundation Trust,North West Anglia;NWAFT;Peterborough City Hospital,Acute and Acute & Community Trusts,East of England,Cambridgeshire and Peterborough,James,https://www.nwangliaft.nhs.uk/trust-board/
RGP,James Paget University Hospitals NHS Foundation Trust,James Paget University Hospitals;JPUH,Acute and Acute & Community Trusts,East of England,Norfolk and Waveney,James,https://www.jpaget.nhs.uk/about-us/our-board-and-governors/our-board-of-directors/
RGR,West Suffolk NHS Foundation Trust,West Suffolk,Acute and Acute & Community Trusts,East of England,Suffolk and North East Essex,James,https://www.wsh.nhs.uk/our-organisation/how-we-are-run/trust-board
RGT,Cambridge University Hospitals NHS Foundation Trust,Cambridge University Hospitals;CUH;Addenbrooke's,Acute and Acute & Community Trusts,East of England,Cambridgeshire and Peterborough,James,https://www.cuh.nhs.uk/about-us/board-directors/board-of-directors-meetings/
RM1,Norfolk and Norwich University Hospitals NHS Foundation Trust,Norfolk and Norwich University Hospitals;Norfolk Norwich University Hospitals;NNUH,Acute and Acute & Community Trusts,East of England,Norfolk and Waveney,James,https://www.nnuh.nhs.uk/about-us/trust-board-meetings/
RMY,Norfolk and Suffolk NHS Foundation Trust,Norfolk and Suffolk,"Mental Health & Learning Disability and Mental Health, Learning Disability & Community Trusts",East of England,Norfolk and Waveney,James,https://www.nsft.nhs.uk/board-papers/
RT1,Cambridgeshire and Peterborough NHS Foundation Trust,Cambridgeshire and Peterborough,"Mental Health & Learning Disability and Mental Health, Learning Disability & Community Trusts",East of England,Cambridgeshire and Peterborough,James,https://www.cpft.nhs.uk/board-of-directors/
RY3,Norfolk Community Health and Care NHS Trust,Norfolk Community Health and Care,Community Trusts,East of England,Norfolk and Waveney,James,https://www.norfolkcommunityhealthandcare.nhs.uk/board-papers-and-meetings/
RYV,Cambridgeshire Community Services NHS Trust,Cambridgeshire Community Services,Community Trusts,East of England,Cambridgeshire and Peterborough,James,https://eastofenglandcommunityhealthandcare.nhs.uk/about-us/our-board/board-meetings-and-reports/
R0D,University Hospitals Dorset NHS Foundation Trust,University Hospitals Dorset,Acute and Acute & Community Trusts,South West,Dorset,Joe,https://www.uhd.nhs.uk/about-us/our-performance/board-papers
RA7,University Hospitals Bristol and Weston NHS Foundation Trust,University Hospitals Bristol and Weston;UHBW;University Hospitals Bristol Weston,Acute and Acute & Community Trusts,South West,"Bristol, North Somerset and South Gloucestershire",Joe,https://www.uhbw.nhs.uk/about-us/board-papers/
RA9,Torbay and South Devon NHS Foundation Trust,Torbay and South Devon,Acute and Acute & Community Trusts,South West,Devon,Joe,https://www.torbayandsouthdevon.nhs.uk/about-us/board-meetings/
RBD,Dorset County Hospital NHS Foundation Trust,Dorset County Hospital,Acute and Acute & Community Trusts,South West,Dorset,Joe,https://www.dchft.nhs.uk/about-us/trust-board/
RD1,Royal United Hospitals Bath NHS Foundation Trust,Royal United Hospitals Bath;RUH Bath;RUH,Acute and Acute & Community Trusts,South West,"Bath and North East Somerset, Swindon and Wiltshire",Joe,https://www.ruh.nhs.uk/about/trustboard/index.asp
RDY,Dorset Healthcare University NHS Foundation Trust,Dorset Healthcare University,"Mental Health & Learning Disability and Mental Health, Learning Disability & Community Trusts",South West,Dorset,Joe,https://www.dorsethealthcare.nhs.uk/about-us/trust-board
REF,Royal Cornwall Hospitals NHS Trust,Royal Cornwall Hospitals;RCHT,Acute and Acute & Community Trusts,South West,Cornwall and the Isles of Scilly,Joe,https://www.royalcornwall.nhs.uk/our-organisation/about/your-trust-board/
RH5,Somerset NHS Foundation Trust,Somerset,Acute and Acute & Community Trusts,South West,Somerset,Joe,https://www.somersetft.nhs.uk/about-us/trust-board-meetings/
RH8,Royal Devon University Healthcare NHS Foundation Trust,Royal Devon University Healthcare;RDUH;Royal Devon,Acute and Acute & Community Trusts,South West,Devon,Joe,https://www.royaldevon.nhs.uk/about-us/board-of-directors/board-meetings-papers-minutes/
RJ8,Cornwall Partnership NHS Foundation Trust,Cornwall Partnership,"Mental Health & Learning Disability and Mental Health, Learning Disability & Community Trusts",South West,Cornwall and the Isles of Scilly,Joe,https://www.cornwallft.nhs.uk/board-papers/
RK9,University Hospitals Plymouth NHS Trust,University Hospitals Plymouth;UHP;Plymouth Hospitals,Acute and Acute & Community Trusts,South West,Devon,Joe,https://www.plymouthhospitals.nhs.uk/trust-board-meetings-and-papers/
RN3,Great Western Hospitals NHS Foundation Trust,Great Western Hospitals;GWH,Acute and Acute & Community Trusts,South West,"Bath and North East Somerset, Swindon and Wiltshire",Joe,https://www.gwh.nhs.uk/about-us/how-we-make-decisions/board-meetings-and-papers/
RNZ,Salisbury NHS Foundation Trust,Salisbury,Acute and Acute & Community Trusts,South West,"Bath and North East Somerset, Swindon and Wiltshire",Joe,https://www.salisbury.nhs.uk/about-us/the-trust-board/trust-board-meetings/
RTE,Gloucestershire Hospitals NHS Foundation Trust,Gloucestershire Hospitals;Glos Hospitals;GlossHospitals,Acute and Acute & Community Trusts,South West,Gloucestershire,Joe,https://www.gloshospitals.nhs.uk/about-us/our-board/board-papers/
RTQ,Gloucestershire Health and Care NHS Foundation Trust,Gloucestershire Health and Care,"Mental Health & Learning Disability and Mental Health, Learning Disability & Community Trusts",South West,Gloucestershire,Joe,https://www.ghc.nhs.uk/who-we-are/board-and-governors/
RVJ,North Bristol NHS Trust,North Bristol,Acute and Acute & Community Trusts,South West,"Bristol, North Somerset and South Gloucestershire",Joe,https://www.nbt.nhs.uk/about-us/meet-our-board/trust-board-meetings-20252026
RVN,Avon and Wiltshire Mental Health Partnership NHS Trust,Avon and Wiltshire Mental Health Partnership,"Mental Health & Learning Disability and Mental Health, Learning Disability & Community Trusts",South West,"Bath and North East Somerset, Swindon and Wiltshire",Joe,https://www.awp.nhs.uk/about-us/publications/board-papers
RWV,Devon Partnership NHS Trust,Devon Partnership,"Mental Health & Learning Disability and Mental Health, Learning Disability & Community Trusts",South West,Devon,Joe,https://www.dpt.nhs.uk/publications/
RPG,Oxleas NHS Foundation Trust,Oxleas,"Mental Health & Learning Disability and Mental Health, Learning Disability & Community Trusts",London,South East London,Ella,https://www.oxleas.nhs.uk/board-papers/
RQY,South West London and St George's Mental Health NHS Trust,South West London and St George's Mental Health;St George's University Hospitals NHS Foundation Trust;St Georges University Hospitals;St George's,"Mental Health & Learning Disability and Mental Health, Learning Disability & Community Trusts",London,South West London,Ella,https://www.stgeorges.nhs.uk/about-us/board-papers/
RV5,South London and Maudsley NHS Foundation Trust,South London and Maudsley;SLaM;South London Maudsley,"Mental Health & Learning Disability and Mental Health, Learning Disability & Community Trusts",London,South East London,Ella,https://www.slam.nhs.uk/about-us/trust-board/
R1H,Barts Health NHS Trust,Barts Health;Barts,Acute and Acute & Community Trusts,London,North East London,Matt D,https://www.bartshealth.nhs.uk/board-meetings
R1K,London North West University Healthcare NHS Trust,London North West University Healthcare,Acute and Acute & Community Trusts,London,North West London,Matt D,https://www.nwl-acute-provider-group.nhs.uk/publications
RAL,Royal Free London NHS Foundation Trust,Royal Free London;Royal Free;RFL,Acute and Acute & Community Trusts,London,North Central London,Matt D,https://www.royalfree.nhs.uk/about-us/trust-board/trust-board-meetings
RAS,The Hillingdon Hospitals NHS Foundation Trust,Hillingdon Hospitals,Acute and Acute & Community Trusts,London,North West London,Matt D,https://www.nwl-acute-provider-group.nhs.uk/about-us/board-in-common
RF4,"Barking, Havering and Redbridge University Hospitals NHS Trust","Barking, Havering and Redbridge University Hospitals",Acute and Acute & Community Trusts,London,North East London,Matt D,https://www.bhrhospitals.nhs.uk/papers-minutes/
RKE,Whittington Health NHS Trust,Whittington Health,Acute and Acute & Community Trusts,London,North Central London,Matt D,https://www.whittington.nhs.uk/default.asp?c=20208
RQM,Chelsea and Westminster Hospital NHS Foundation Trust,Chelsea and Westminster Hospital;Chelsea Westminster Hospital;ChelWest,Acute and Acute & Community Trusts,London,North West London,Matt D,https://www.chelwest.nhs.uk/about-us/board-of-directors/
RQX,Homerton Healthcare NHS Foundation Trust,Homerton Healthcare,Acute and Acute & Community Trusts,London,North East London,Matt D,https://www.homerton.nhs.uk/board-papers/
RRV,University College London Hospitals NHS Foundation Trust,University College London Hospitals;UCLH,Acute and Acute & Community Trusts,London,North Central London,Matt D,https://www.uclh.nhs.uk/about-us/who-we-are/board-directors/board-meetings-and-papers
RYJ,Imperial College Healthcare NHS Trust,Imperial College Healthcare;Imperial Healthcare,Acute and Acute & Community Trusts,London,North West London,Matt D,https://www.imperial.nhs.uk/about-us/board-papers/
RAN,Royal National Orthopaedic Hospital NHS Trust,Royal National Orthopaedic Hospital;RNOH,Acute Specialist Trusts,London,North West London,Matt D,https://www.rnoh.nhs.uk/about-us/corporate-information/board-meetings
RP4,Great Ormond Street Hospital for Children NHS Foundation Trust,Great Ormond Street Hospital for Children;Great Ormond Street;GOSH,Acute Specialist Trusts,London,North Central London,Matt D,https://www.gosh.nhs.uk/about-us/who-we-are/organisational-structure/trust-board/trust-board-meetings/
RRU,London Ambulance Service NHS Trust,London Ambulance Service;LAS,Ambulance Trusts,London,-,Matt D,https://www.londonambulance.nhs.uk/about-us/how-we-are-run/trust-board/
RAT,North East London NHS Foundation Trust,North East London;NELFT,"Mental Health & Learning Disability and Mental Health, Learning Disability & Community Trusts",London,North East London,Matt D,https://www.nelft.nhs.uk/about-us-board-papers/
RKL,West London NHS Trust,West London,"Mental Health & Learning Disability and Mental Health, Learning Disability & Community Trusts",London,North West London,Matt D,https://www.westlondon.nhs.uk/about-us/trust-board/board-papers
RNK,Tavistock and Portman NHS Foundation Trust,Tavistock and Portman,"Mental Health & Learning Disability and Mental Health, Learning Disability & Community Trusts",London,North Central London,Matt D,https://tavistockandportman.nhs.uk/about-us/our-board/
RRP,"Barnet, Enfield and Haringey Mental Health NHS Trust","Barnet, Enfield and Haringey Mental Health","Mental Health & Learning Disability and Mental Health, Learning Disability & Community Trusts",London,North Central London,Matt D,https://www.northlondonmentalhealth.nhs.uk/our-board/
RV3,Central and North West London NHS Foundation Trust,Central and North West London,"Mental Health & Learning Disability and Mental Health, Learning Disability & Community Trusts",London,North Central London,Matt D,https://www.cnwl.nhs.uk/about/planning-performance-and-reports
RWK,East London NHS Foundation Trust,East London;North East London NHS Foundation Trust;NELFT,"Mental Health & Learning Disability and Mental Health, Learning Disability & Community Trusts",London,North East London,Matt D,https://www.elft.nhs.uk/information-about-elft/our-board/trust-board-meetings
R0B,South Tyneside and Sunderland NHS Foundation Trust,South Tyneside and Sunderland;South Tyneside Sunderland;STSFT,Acute and Acute & Community Trusts,North East and Yorkshire,North East and North Cumbria,Matt M,https://www.stsft.nhs.uk/about-us/our-people/our-board/board-papers
RNN,North Cumbria Integrated Care NHS Foundation Trust,North Cumbria Integrated Care,Acute and Acute & Community Trusts,North East and Yorkshire,North East and North Cumbria,Matt M,https://www.ncic.nhs.uk/trust/how-we-are-run/board-meetings
RR7,Gateshead Health NHS Foundation Trust,Gateshead Health;QE Gateshead,Acute and Acute & Community Trusts,North East and Yorkshire,North East and North Cumbria,Matt M,https://www.gatesheadhealth.nhs.uk/news/resources_type/board-papers/
RTD,The Newcastle upon Tyne Hospitals NHS Foundation Trust,Newcastle upon Tyne Hospitals;Newcastle Hospitals;NUTH,Acute and Acute & Community Trusts,North East and Yorkshire,North East and North Cumbria,Matt M,https://www.newcastle-hospitals.nhs.uk/about/board-of-directors-2/board-of-directors-papers/
RTF,Northumbria Healthcare NHS Foundation Trust,Northumbria Healthcare,Acute and Acute & Community Trusts,North East and Yorkshire,North East and North Cumbria,Matt M,https://www.northumbria.nhs.uk/about-us/corporate-information/strategies-and-reports/board-papers
RTR,South Tees Hospitals NHS Foundation Trust,South Tees Hospitals;South Tees,Acute and Acute & Community Trusts,North East and Yorkshire,North East and North Cumbria,Matt M,https://www.southtees.nhs.uk/resources/board-of-directors-agenda-1-february-2022/
RVW,North Tees and Hartlepool NHS Foundation Trust,North Tees and Hartlepool;North Tees Hartlepool;NTH,Acute and Acute & Community Trusts,North East and Yorkshire,North East and North Cumbria,Matt M,https://www.nth.nhs.uk/about/board-meetings/
RX3,"Tees, Esk and Wear Valleys NHS Foundation Trust","Tees, Esk and Wear Valleys","Mental Health & Learning Disability and Mental Health, Learning Disability & Community Trusts",North East and Yorkshire,North East and North Cumbria,Matt M,https://www.tewv.nhs.uk/about/board/papers-previous-board-meetings/
RX4,"Cumbria, Northumberland, Tyne and Wear NHS Foundation Trust","Cumbria, Northumberland, Tyne and Wear;CNTW;Cumbria Northumberland Tyne Wear","Mental Health & Learning Disability and Mental Health, Learning Disability & Community Trusts",North East and Yorkshire,North East and North Cumbria,Matt M,https://www.cntw.nhs.uk/about/publications/board-papers-27-may-2015/agenda-item-10-i-trust-board-models-of-care-front-sheet/
RXP,County Durham and Darlington NHS Foundation Trust,County Durham and Darlington;County Durham Darlington;CDDFT,Acute and Acute & Community Trusts,North East and Yorkshire,North East and North Cumbria,Matt M,https://www.cddft.nhs.uk/about-us/corporate-information/trust-board/board-meetings-and-papers
R1C,Solent NHS Trust,Solent,"Mental Health & Learning Disability and Mental Health, Learning Disability & Community Trusts",South East,Hampshire and Isle of Wight,Mimi,https://hiowhealthcare.nhs.uk/about-us/our-board/meetings-and-papers
R1F1,Isle of Wight NHS Trust,,Acute and Acute & Community Trusts,South East,Hampshire and Isle of Wight,Mimi,https://www.iow.nhs.uk/about-us/our-trust-board
RDU,Frimley Health NHS Foundation Trust,Frimley Health;FHFT,Acute and Acute & Community Trusts,South East,Frimley,Mimi,https://www.fhft.nhs.uk/about-us/how-we-are-run/trust-board
RHM,University Hospital Southampton NHS Foundation Trust,University Hospital Southampton;UHS;Southampton University Hospitals,Acute and Acute & Community Trusts,South East,Hampshire and Isle of Wight,Mimi,https://www.uhs.nhs.uk/about-the-trust/how-the-trust-is-run/trust-board
RHU,Portsmouth Hospitals University National Health Service Trust,Portsmouth Hospitals University NHS Trust;Portsmouth Hospitals;PHU,Acute and Acute & Community Trusts,South East,Hampshire and Isle of Wight,Mimi,https://www.porthosp.nhs.uk/about-us/our-trust/our-trust-board
RHW,Royal Berkshire NHS Foundation Trust,Royal Berkshire;RBFT,Acute and Acute & Community Trusts,South East,"Buckinghamshire, Oxfordshire and Berkshire West",Mimi,http://www.royalberkshire.nhs.uk/about-us/governance/open-meetings
RN5,Hampshire Hospitals NHS Foundation Trust,Hampshire Hospitals;HHFT,Acute and Acute & Community Trusts,South East,Hampshire and Isle of Wight,Mimi,https://www.hampshirehospitals.nhs.uk/about-us/our-publications/board-directors-papers
RNU,Oxford Health NHS Foundation Trust,Oxford Health,"Mental Health & Learning Disability and Mental Health, Learning Disability & Community Trusts",South East,"Buckinghamshire, Oxfordshire and Berkshire West",Mimi,https://www.oxfordhealth.nhs.uk/about-us/board-papers/
RTH,Oxford University Hospitals NHS Foundation Trust,Oxford University Hospitals;OUH,Acute and Acute & Community Trusts,South East,"Buckinghamshire, Oxfordshire and Berkshire West",Mimi,https://www.ouh.nhs.uk/about/trust-board/meetings-and-papers/
RW1,Southern Health NHS Foundation Trust,Southern Health,"Mental Health & Learning Disability and Mental Health, Learning Disability & Community Trusts",South East,Hampshire and Isle of Wight,Mimi,https://hiowhealthcare.nhs.uk/about-us/our-board/meetings-and-papers
RWX,Berkshire Healthcare NHS Foundation Trust,Berkshire Healthcare,"Mental Health & Learning Disability and Mental Health, Learning Disability & Community Trusts",South East,Frimley,Mimi,https://www.berkshirehealthcare.nhs.uk/about-us/our-board-meetings
RXQ,Buckinghamshire Healthcare NHS Trust,Buckinghamshire Healthcare;BHT,Acute and Acute & Community Trusts,South East,"Buckinghamshire, Oxfordshire and Berkshire West",Mimi,https://www.buckshealthcare.nhs.uk/publications/trust-board-papers/
R0A,Manchester University NHS Foundation Trust,Manchester University;MFT,Acute and Acute & Community Trusts,North West,Greater Manchester,Nick,https://www.mft.nhs.uk/about-us/board-of-directors/
RBV,The Christie NHS Foundation Trust,Christie;Christie Hospital,Acute Specialist Trusts,North West,Greater Manchester,Nick,https://www.christie.nhs.uk/about-us/the-foundation-trust/about-the-trust/board-of-directors-meetings
RM3,Northern Care Alliance NHS Foundation Trust,Northern Care Alliance;NCA,Acute and Acute & Community Trusts,North West,Greater Manchester,Nick,https://www.northerncarealliance.nhs.uk/about-us/board-directors/board-dates-and-papers
RMC,Bolton NHS Foundation Trust,Bolton;Bolton Hospital;BTHFT,Acute and Acute & Community Trusts,North West,Greater Manchester,Nick,https://www.boltonft.nhs.uk/about-us/our-board/
RMP,Tameside and Glossop Integrated Care NHS Foundation Trust,Tameside and Glossop Integrated Care;Tameside Glossop;Tameside Hospital,Acute and Acute & Community Trusts,North West,Greater Manchester,Nick,https://tamesideandglossopicft.nhs.uk/about-us/trust-oversight/trust-board
RRF,"Wrightington, Wigan and Leigh Teaching Hospitals NHS Foundation Trust","Wrightington, Wigan and Leigh Teaching Hospitals;Wrightington Wigan Leigh;WWL",Acute and Acute & Community Trusts,North West,Greater Manchester,Nick,https://www.wwl.nhs.uk/about-us/board-papers/
RT2,Pennine Care NHS Foundation Trust,Pennine Care,"Mental Health & Learning Disability and Mental Health, Learning Disability & Community Trusts",North West,Greater Manchester,Nick,https://www.penninecare.nhs.uk/boardmeetings
RWJ,Stockport NHS Foundation Trust,Stockport;Stockport Hospital;Stepping Hill,Acute and Acute & Community Trusts,North West,Greater Manchester,Nick,https://www.stockport.nhs.uk/about/board/board-meetings/
RXV,Greater Manchester Mental Health NHS Foundation Trust,Greater Manchester Mental Health;GMMH,"Mental Health & Learning Disability and Mental Health, Learning Disability & Community Trusts",North West,Greater Manchester,Nick,https://www.gmmh.nhs.uk/board-meetings/
R1L,Essex Partnership University NHS Foundation Trust,Essex Partnership University;EPUT,"Mental Health & Learning Disability and Mental Health, Learning Disability & Community Trusts",East of England,Mid and South Essex,TBC,https://eput.nhs.uk/about-us/board-of-directors/board-meetings/board-papers/
RAJ,Mid and South Essex NHS Foundation Trust,Mid and South Essex,Acute and Acute & Community Trusts,East of England,Mid and South Essex,TBC,https://www.mse.nhs.uk/board-meetings/
RC9,Bedfordshire Hospitals NHS Foundation Trust,Bedfordshire Hospitals;BHFT Bedford,Acute and Acute & Community Trusts,East of England,"Bedfordshire, Luton and Milton Keynes",TBC,https://www.bedfordshirehospitals.nhs.uk/corporate-information/board-meetings-and-directors/board-meetings/
RD8,Milton Keynes University Hospital NHS Foundation Trust,Milton Keynes University Hospital;MKUH,Acute and Acute & Community Trusts,East of England,"Bedfordshire, Luton and Milton Keynes",TBC,https://www.mkuh.nhs.uk/about-us/our-structure/board-of-directors/agendas-and-meetings
RQW,The Princess Alexandra Hospital NHS Trust,Princess Alexandra Hospital,Acute and Acute & Community Trusts,East of England,Hertfordshire and West Essex,TBC,https://www.pah.nhs.uk/about/board/board-papers/
RWG,West Hertfordshire Teaching Hospitals NHS Trust,West Hertfordshire Teaching Hospitals;WHTH,Acute and Acute & Community Trusts,East of England,Hertfordshire and West Essex,TBC,https://www.westhertshospitals.nhs.uk/about-us/our-board/board-meetings
RWH,East and North Hertfordshire NHS Trust,East and North Hertfordshire;East North Hertfordshire;ENHT,Acute and Acute & Community Trusts,East of England,Hertfordshire and West Essex,TBC,https://www.enherts-tr.nhs.uk/gp-professionals/publications/board-papers-september-2023/
RWR,Hertfordshire Partnership University NHS Foundation Trust,Hertfordshire Partnership University,"Mental Health & Learning Disability and Mental Health, Learning Disability & Community Trusts",East of England,Hertfordshire and West Essex,TBC,https://www.hpft.nhs.uk/about-us/corporate-information-and-governance/
RY4,Hertfordshire Community NHS Trust,Hertfordshire Community;HCT,Community Trusts,East of England,Hertfordshire and West Essex,TBC,https://www.hct.nhs.uk/our-board/
RBL,Wirral University Teaching Hospital NHS Foundation Trust,Wirral University Teaching Hospital;WUTH;Arrowe Park,Acute and Acute & Community Trusts,North West,Cheshire and Merseyside,Zoe,https://www.wuth.nhs.uk/about-us/who-we-are/board-meetings/
RBN,Mersey and West Lancashire Teaching Hospitals NHS Trust,Mersey and West Lancashire Teaching Hospitals,Acute and Acute & Community Trusts,North West,Cheshire and Merseyside,Zoe,https://www.merseywestlancs.nhs.uk/trust-board-meetings-and-papers
RBQ,Liverpool Heart and Chest Hospital NHS Foundation Trust,Liverpool Heart and Chest Hospital;Liverpool Heart Chest Hospital;LHCH,Acute Specialist Trusts,North West,Cheshire and Merseyside,Zoe,https://www.lhch.nhs.uk/board-of-directors-meetings
RBS,Alder Hey Children's NHS Foundation Trust,Alder Hey Children's;Alder Hey,Acute and Acute & Community Trusts,North West,Cheshire and Merseyside,Zoe,https://www.alderhey.nhs.uk/about-us/trust-board/
RBT,Mid Cheshire Hospitals NHS Foundation Trust,Mid Cheshire Hospitals;MCHFT,Acute and Acute & Community Trusts,North West,Cheshire and Merseyside,Zoe,https://www.mcht.nhs.uk/about-us/board-directors/board-papers-and-minutes
REM,Liverpool University Hospitals NHS Foundation Trust,Liverpool University Hospitals;LUHFT,Acute and Acute & Community Trusts,North West,Cheshire and Merseyside,Zoe,https://www.uhliverpool.nhs.uk/about-us/meet-our-board/trust-board-meetings
REN,The Clatterbridge Cancer Centre NHS Foundation Trust,Clatterbridge Cancer Centre;CCC,Acute Specialist Trusts,North West,Cheshire and Merseyside,Zoe,https://www.clatterbridgecc.nhs.uk/about-us/how-were-run/trust-board/board-meetings
REP,Liverpool Women's NHS Foundation Trust,Liverpool Women's,Acute Specialist Trusts,North West,Cheshire and Merseyside,Zoe,https://www.liverpoolwomens.nhs.uk/about-us/board-papers/
RET,The Walton Centre NHS Foundation Trust,Walton Centre,Acute Specialist Trusts,North West,Cheshire and Merseyside,Zoe,https://www.thewaltoncentre.nhs.uk/trust-board/
RJN,East Cheshire NHS Trust,East Cheshire;Macclesfield Hospital,Acute and Acute & Community Trusts,North West,Cheshire and Merseyside,Zoe,https://www.eastcheshire.nhs.uk/trust/board/reports-and-meetings/agm
RJR,Countess of Chester Hospital NHS Foundation Trust,Countess of Chester Hospital;Countess of Chester;COCH,Acute and Acute & Community Trusts,North West,Cheshire and Merseyside,Zoe,https://www.coch.nhs.uk/about-us/board-papers/
RTX,University Hospitals of Morecambe Bay NHS Foundation Trust,University Hospitals of Morecambe Bay,Acute and Acute & Community Trusts,North West,Lancashire and South Cumbria,Zoe,https://www.uhmb.nhs.uk/our-trust/trust-board-and-council-governor-meetings
RW4,Mersey Care NHS Foundation Trust,Mersey Care,"Mental Health & Learning Disability and Mental Health, Learning Disability & Community Trusts",North West,Cheshire and Merseyside,Zoe,https://www.merseycare.nhs.uk/board-papers
RW5,Lancashire and South Cumbria NHS Foundation Trust,Lancashire and South Cumbria;Lancashire South Cumbria Foundation Trust;LSCFT,"Mental Health & Learning Disability and Mental Health, Learning Disability & Community Trusts",North West,Lancashire and South Cumbria,Zoe,https://www.lscft.nhs.uk/about-us/board/board-papers
RWW,Warrington and Halton Teaching Hospitals NHS Foundation Trust,Warrington and Halton Teaching Hospitals;Warrington Halton Teaching Hospitals;WHH,Acute and Acute & Community Trusts,North West,Cheshire and Merseyside,Zoe,https://whh.nhs.uk/about-us/how-we-work/board-meetings-and-papers/
RXA,Cheshire and Wirral Partnership NHS Foundation Trust,Cheshire and Wirral Partnership;Cheshire Wirral Partnership;CWP,"Mental Health & Learning Disability and Mental Health, Learning Disability & Community Trusts",North West,Cheshire and Merseyside,Zoe,https://www.cwp.nhs.uk/about-us/our-board-and-governors/
RXL,Blackpool Teaching Hospitals NHS Foundation Trust,Blackpool Teaching Hospitals;BTH;BFWH,Acute and Acute & Community Trusts,North West,Lancashire and South Cumbria,Zoe,https://www.blackpoolteachinghospitals.nhs.uk/about-us/meet-board/board-meetings-public
RXN,Lancashire Teaching Hospitals NHS Foundation Trust,Lancashire Teaching Hospitals;LTH,Acute and Acute & Community Trusts,North West,Lancashire and South Cumbria,Zoe,https://www.lancsteachinghospitals.nhs.uk/board-of-directors
RXR,East Lancashire Hospitals NHS Trust,East Lancashire Hospitals;ELHT,Acute and Acute & Community Trusts,North West,Lancashire and South Cumbria,Zoe,https://elht.nhs.uk/about-us/board-meetings-including-agenda-and-papers
RY2,Bridgewater Community Healthcare NHS Foundation Trust,Bridgewater Community Healthcare;Bridgewater,Community Trusts,North West,Cheshire and Merseyside,Zoe,https://bridgewater.nhs.uk/about-us/how-we-work/board-meetings-and-papers/
RY7,Wirral Community Health and Care NHS Foundation Trust,Wirral Community Health and Care,Community Trusts,North West,Cheshire and Merseyside,Zoe,https://www.wchc.nhs.uk/about/board-governors/board-meetings-papers/
TAF,Camden and Islington NHS Foundation Trust,Camden and Islington;Camden Islington;C&I,"Mental Health & Learning Disability and Mental Health, Learning Disability & Community Trusts",London,North Central London,Matt D,https://www.northlondonmentalhealth.nhs.uk/meetings-and-papers/
RX6,North East Ambulance Service NHS Foundation Trust,North East Ambulance Service;NEAS,Ambulance Trusts,North East and Yorkshire,-,Matt M,https://www.neas.nhs.uk/about-us/trust-board
RX7,North West Ambulance Service NHS Trust,North West Ambulance Service;NWAS,Ambulance Trusts,North West,-,Nick,https://www.nwas.nhs.uk/publications/board-papers-26-april-2023/
RX8,Yorkshire Ambulance Service NHS Trust,Yorkshire Ambulance Service;YAS,Ambulance Trusts,North East and Yorkshire,-,Henry,https://www.yas.nhs.uk/about-us/the-trust-board/
RX9,East Midlands Ambulance Service NHS Trust,East Midlands Ambulance Service;EMAS,Ambulance Trusts,Midlands,-,Annabelle,https://www.emas.nhs.uk/about-us/trust-board/next-board-meeting/archive-board-papers
RYA,West Midlands Ambulance Service University NHS Foundation Trust,West Midlands Ambulance Service University;WMAS,Ambulance Trusts,Midlands,-,Caitlin,https://www.wmas.nhs.uk/about-us/board-papers/
RYC,East of England Ambulance Service NHS Trust,East of England Ambulance Service;EEAST,Ambulance Trusts,East of England,-,James,https://www.eastamb.nhs.uk/about-us/trust-board/public-board-meetings-and-papers
RYD,South East Coast Ambulance Service NHS Foundation Trust,South East Coast Ambulance Service;SECAmb,Ambulance Trusts,South East,-,Alison,https://www.secamb.nhs.uk/about-us/board-papers/
RYE,South Central Ambulance Service NHS Foundation Trust,South Central Ambulance Service;SCAS,Ambulance Trusts,South East,-,Mimi,https://www.scas.nhs.uk/about-us/board-of-directors/
RYF,South Western Ambulance Service NHS Foundation Trust,South Western Ambulance Service;SWASFT,Ambulance Trusts,South West,-,Joe,https://www.swast.nhs.uk/our-board/board-meeting-schedule-and-public-papers
