trust_name,ods_code,press_email,press_email_alt,press_source_url,foi_email,foi_email_alt,foi_source_url,notes
Airedale NHS Foundation Trust,RCF,anhsft.communications@nhs.net,,https://www.airedale-trust.nhs.uk/contact-us/media-enquiries/,anhsft.foi@nhs.net,,https://www.airedale-trust.nhs.uk/contact-us/freedom-of-information-requests/,Direct fetches of airedale-trust.nhs.uk returned blank; emails via search results
Alder Hey Children's NHS Foundation Trust,RBS,press@alderhey.nhs.uk,media@alderhey.nhs.uk,https://www.alderhey.nhs.uk/contact/press-office/,FOIRequests@alderhey.nhs.uk,info.gov@alderhey.nhs.uk,https://www.alderhey.nhs.uk/about/foi/request/,Press email visible only via Cloudflare obfuscation; press@alderhey.nhs.uk per third-party listings - confidence medium
Ashford and St Peter's Hospitals NHS Foundation Trust,RTK,asp-tr.comms.mailbox@nhs.net,,Temp/Comms contacts.xlsx (May 2026),asp-tr.foi@nhs.net,,Temp/Comms contacts.xlsx (May 2026),"press email not found on site; FOI email not found on site; Ashford & St Peter's website returns empty body / Cloudflare-blocked to WebFetch on /, /contact-us, /freedom-of-information. Could not verify any email."
Avon and Wiltshire Mental Health Partnership NHS Trust,RVN,awp.communications@nhs.net,,https://www.awp.nhs.uk/contact-us,awp.freedomofinformation@nhs.net,,https://www.awp.nhs.uk/contact-us/freedom-information,
"Barking, Havering and Redbridge University Hospitals NHS Trust",RF4,bhrut.communications@nhs.net,,https://www.bhrhospitals.nhs.uk/contact-us,BHRUT.FreedomOfInformation@nhs.net,,https://www.bhrhospitals.nhs.uk/foi,
Barnsley Hospital NHS Foundation Trust,RFF,communications.barnsley@nhs.net,,https://www.barnsleyhospital.nhs.uk/services/communications-team,barnsley@infreemation.co.uk,,https://www.barnsleyhospital.nhs.uk/freedom-information-requests,FOI handled via Infreemation portal address
Barts Health NHS Trust,R1H,Bartshealth.pressoffice@nhs.net,,https://www.bartshealth.nhs.uk/press-office,foi.bartshealth@nhs.net,,https://www.bartshealth.nhs.uk/freedom-of-information,
Bedfordshire Hospitals NHS Foundation Trust,RC9,communications@bedfordhospital.nhs.uk,communications@ldh.nhs.uk,https://www.bedfordshirehospitals.nhs.uk/contact-us/media-enquiries/,FOI@bedsft.nhs.uk,bhn-tr.foibedfordshirehospitals@nhs.net,https://www.bedfordshirehospitals.nhs.uk/corporate-information/freedom-of-information/,Trust runs two press inboxes: communications@bedfordhospital.nhs.uk and communications@ldh.nhs.uk (Luton & Dunstable site)
Berkshire Healthcare NHS Foundation Trust,RWX,communications@royalberkshire.nhs.uk,,https://www.berkshirehealthcare.nhs.uk/about-us/media-enquiries,foi.bht@berkshire.nhs.uk,,https://www.berkshirehealthcare.nhs.uk/about-us/freedom-of-information-request,
Birmingham Community Healthcare NHS Foundation Trust,RYW,info.BCHC@nhs.net,,https://www.bhamcommunity.nhs.uk/contact-us/,foi.bchc@nhs.net,,https://www.bhamcommunity.nhs.uk/freedom-of-information/,
Birmingham Women's and Children's NHS Foundation Trust,RQ3,bwc.communications@nhs.net,,https://www.bwc.nhs.uk/contact-us,bwc.freedomofinformation@nhs.net,,https://www.bwc.nhs.uk/freedom-of-information,
Birmingham and Solihull Mental Health NHS Foundation Trust,RXT,bsmhft.commsteam@nhs.net,,Temp/Comms contacts.xlsx (May 2026),bsmhft.foioffice@nhs.net,,https://www.bsmhft.nhs.uk/about-us/information-rights/foi/,"press routed via on-site contact form, no listed email; BSMHFT directs all media enquiries via web form; no published generic press email."
Black Country Healthcare NHS Foundation Trust,TAJ,bchft.communications@nhs.net,bcpft.communications@nhs.net,https://www.blackcountryhealthcare.nhs.uk/contact-us,bchft.foi1@nhs.net,bcpft.foi@nhs.net,https://www.blackcountryhealthcare.nhs.uk/contact-us,
Blackpool Teaching Hospitals NHS Foundation Trust,RXL,bfwh.trustcommunications@nhs.net,,https://www.blackpoolteachinghospitals.nhs.uk/contact-us,bfwh.pso@nhs.net,,https://www.blackpoolteachinghospitals.nhs.uk/services/information-governance/freedom-information-foi,
Bolton NHS Foundation Trust,RMC,communications@boltonft.nhs.uk,,https://www.boltonft.nhs.uk/contact-us/media-enquiries/,foi@boltonft.nhs.uk,,https://www.boltonft.nhs.uk/about-us/freedom-of-information/,
Bradford District Care NHS Foundation Trust,TAD,communications@bdct.nhs.uk,,https://www.bdct.nhs.uk/contact/,foi.requests@bdct.nhs.uk,,https://www.bdct.nhs.uk/contact/,
Bradford Teaching Hospitals NHS Foundation Trust,RAE,communications@bthft.nhs.uk,,Temp/Comms contacts.xlsx (May 2026),foi@bthft.nhs.uk,,https://www.bradfordhospitals.nhs.uk/freedom-of-information/,No press/comms email found on news-and-media page; switchboard 01274 542200 the only contact route; No dedicated press email surfaced on news/media or contact-us pages.
Bridgewater Community Healthcare NHS Foundation Trust,RY2,ncm.media@nhs.net,,https://northcheshireandmersey.nhs.uk/contact-us/,ncm.foi@nhs.net,foi@bridgewater.nhs.uk,https://northcheshireandmersey.nhs.uk/about-us/freedom-of-information/,Bridgewater merged into North Cheshire & Mersey FT; shared inbox
Buckinghamshire Healthcare NHS Trust,RXQ,bht.communications@nhs.net,,https://www.buckshealthcare.nhs.uk/get-in-touch/,bht.bhinfo@nhs.net,,https://www.buckshealthcare.nhs.uk/our-organisation/freedom-of-information/,
Calderdale and Huddersfield NHS Foundation Trust,RWY,amy.campbell@cht.nhs.uk,,Temp/Comms contacts.xlsx (May 2026),FOI@cht.nhs.uk,,https://www.cht.nhs.uk/publications/freedom-of-information-foi/about-freedom-of-information/,Calderdale & Huddersfield: contact-us page lists no emails; FOI sub-pages 404; no public-facing FOI email visible.; FOI email confirmed via Google site search May 2026.
Cambridge University Hospitals NHS Foundation Trust,RGT,cuh.press@nhs.net,,https://www.cuh.nhs.uk/contact-us/media-enquiries/,cuh.foi@nhs.net,foi.contact@addenbrookes.nhs.uk,https://www.cuh.nhs.uk/about-us/freedom-information/,CUH FOI page returned 404; FOI process exists but specific email not confirmed; CUH contact page lists only phone numbers; FOI sub-pages 404 across multiple paths.; FOI primary updated 2026-05-16 from https://www.cuh.nhs.uk/about-us/freedom-information/; prior value moved to _alt
Cambridgeshire and Peterborough NHS Foundation Trust,RT1,communications@cpft.nhs.uk,,https://www.cpft.nhs.uk/press-and-media,foi@cpft.nhs.uk,,https://www.cpft.nhs.uk/freedom-of-information,
Central London Community Healthcare NHS Trust,RYX,clcht.comms@nhs.net,clch.communications@nhs.net,https://www.clch.nhs.uk/about-us/contact-us,foi.request@nhs.net,,https://www.clch.nhs.uk/about-us/contact-us,
Central and North West London NHS Foundation Trust,RV3,cnwl.communications@nhs.net,communications.cnwl@nhs.net,https://www.cnwl.nhs.uk/news/press-office,freedomofinformation.cnwl@nhs.net,,https://www.cnwl.nhs.uk/about/freedom-information-foi,
Chelsea and Westminster Hospital NHS Foundation Trust,RQM,chelwest.comms@nhs.net,,https://www.chelwest.nhs.uk/about-us/news/press-office,chelwest.foi@nhs.net,,https://www.chelwest.nhs.uk/about-us/organisation/our-way-of-working/foi/freedom-of-information,
Cheshire and Wirral Partnership NHS Foundation Trust,RXA,jodie.denrico@cwp.nhs.uk,,Temp/Comms contacts.xlsx (May 2026),cwp.foi@nhs.net,,Temp/Comms contacts.xlsx (May 2026),Cheshire and Wirral Partnership website Cloudflare bot-protected; could not retrieve contact pages; Cheshire & Wirral Partnership: all contact and FOI pages returned 403 to WebFetch (server-side bot block).
Chesterfield Royal Hospital NHS Foundation Trust,RFS,crhft.communications@nhs.net,,https://www.chesterfieldroyal.nhs.uk/about-us/contact-and-find-us/media-enquires,chesterfield@infreemation.co.uk,,Temp/Comms contacts.xlsx (May 2026),FOI page not found via direct fetch; trust uses publication scheme but no public FOI email located; Chesterfield Royal FOI sub-page 404 at the obvious paths; would need direct site navigation.
Cornwall Partnership NHS Foundation Trust,RJ8,cftcommunications@nhs.net,cpn-tr.Enquiries@nhs.net,https://www.cornwallft.nhs.uk/contact-us/,cpn-tr.freedomofinformation@nhs.net,,https://www.cornwallft.nhs.uk/freedom-of-information/,
Countess of Chester Hospital NHS Foundation Trust,RJR,countess.communications@nhs.net,,https://www.coch.nhs.uk/contact-us/press-office.aspx,foi.enquiries@nhs.net,,https://www.coch.nhs.uk/contact-us/,
County Durham and Darlington NHS Foundation Trust,RXP,cdda-tr.communications@nhs.net,,https://www.cddft.nhs.uk/about-us/media-centre,cdda-tr.cddftfoi@nhs.net,,https://www.cddft.nhs.uk/about-us/corporate-information/freedom-information,
Coventry and Warwickshire Partnership NHS Trust,RYG,media@covwarkpt.nhs.uk,,https://www.covwarkpt.nhs.uk/contact-us,mlcsusars@nhs.net,freedomofinformation@covwarkpt.nhs.uk,https://www.covwarkpt.nhs.uk/contact-us,FOI handled by NHS Midlands and Lancashire CSU shared service
Croydon Health Services NHS Trust,RJ6,chs.comms@nhs.net,,https://www.croydonhealthservices.nhs.uk/contact-us,ch-tr.foi@nhs.net,,https://www.croydonhealthservices.nhs.uk/contact-us,
"Cumbria, Northumberland, Tyne and Wear NHS Foundation Trust",RX4,communications@cntw.nhs.uk,,https://www.cntw.nhs.uk/contact/press/,foi@cntw.nhs.uk,,https://www.cntw.nhs.uk/foi/request/,Cloudflare email-protection decoded
Dartford and Gravesham NHS Trust,RN7,dgn-tr.communications@nhs.net,,https://www.dgt.nhs.uk/contact-us/communicationpress-darent-valley-hospital,dgn-tr.freedomofinformation@nhs.net,,Temp/Comms contacts.xlsx (May 2026),FOI page provided online form/post but no direct email; Dartford & Gravesham FOI page lists only postal address and online form; no email published.
Derbyshire Community Health Services NHS Foundation Trust,RY8,DCHST.communications@nhs.net,,https://dchs.nhs.uk/contact-and-find-us,DCHST.FreedomofInformation@nhs.net,,https://dchs.nhs.uk/about-us/freedom-information,contact pages return 404; investigating
Derbyshire Healthcare NHS Foundation Trust,RXM,dhcft.communications@nhs.net,,https://www.derbyshirehealthcareft.nhs.uk/contact-us/media-enquiries,dhcft.foienquiries@nhs.net,,https://www.derbyshirehealthcareft.nhs.uk/contact-us/freedom-information-requests,
Devon Partnership NHS Trust,RWV,dpn-tr.communications@nhs.net,,https://www.dpt.nhs.uk/get-in-touch,dpt.ig@nhs.net,dpt.saferinformation@nhs.net,https://www.dpt.nhs.uk/get-in-touch,
Doncaster and Bassetlaw Teaching Hospitals NHS Foundation Trust,RP5,Adam.Tingle@nhs.net,,Temp/Comms contacts.xlsx (May 2026),d.wraith@nhs.net,dbth.foi@nhs.net,https://www.dbth.nhs.uk/about-us/freedom-of-information/,"FOI is named individual; Doncaster & Bassetlaw publishes only personal comms emails (Emma.Shaheen@nhs.net, adam.tingle@nhs.net) - no generic press address."
Dorset County Hospital NHS Foundation Trust,RBD,communications@dchft.nhs.uk,,https://www.dchft.nhs.uk/about-us/contact-us/,dhc.dch.foi.enquiries@nhs.net,FOI@dchft.nhs.uk,https://www.dchft.nhs.uk/about-us/contact-us/,FOI inbox is shared with Dorset HealthCare (dhc prefix)
Dorset Healthcare University NHS Foundation Trust,RDY,dhc.communications.team@nhs.net,,https://www.dorsethealthcare.nhs.uk/about-us/contact-us,dhc.foi.enquiries@nhs.net,,https://www.dorsethealthcare.nhs.uk/about-us/contact-us,
East Cheshire NHS Trust,RJN,ecntstaff.comms@nhs.net,,https://trust.eastcheshire.nhs.uk/corporate-services/communications-and-engagement,ecn-tr.foirequests@nhs.net,,https://trust.eastcheshire.nhs.uk/freedom-information,
East Kent Hospitals University NHS Foundation Trust,RVV,ekh-tr.communications@nhs.net,,https://www.ekhuft.nhs.uk/contact-us/press-office,ekh-tr.foi@nhs.net,,Temp/Comms contacts.xlsx (May 2026),FOI page not located; ekhuft.nhs.uk/foi redirects to archive that 404s; East Kent Hospitals FOI page redirects to www-archive.ekhuft.nhs.uk and 404s; site mid-migration.
East Lancashire Hospitals NHS Trust,RXR,communications@elht.nhs.uk,,https://elht.nhs.uk/contact-us,foi@elht.nhs.uk,,https://elht.nhs.uk/contact-us,
East London NHS Foundation Trust,RWK,elft.communications@nhs.net,,https://www.elft.nhs.uk/contact-us/press-enquiries,elft.foi@nhs.net,,https://www.elft.nhs.uk/contact-us,
East Midlands Ambulance Service NHS Trust,RX9,emascommunications@emas.nhs.uk,,https://www.emas.nhs.uk/news/media-enquiries/,foi.foi@emas.nhs.uk,,https://www.emas.nhs.uk/contact-us/,
East Suffolk and North Essex NHS Foundation Trust,RDE,communications@esneft.nhs.uk,,https://www.esneft.nhs.uk/contact-us/communications-team/,foi@esneft.nhs.uk,,https://www.esneft.nhs.uk/contact-us/,
East Sussex Healthcare NHS Trust,RXC,esht.communications@nhs.net,,Temp/Comms contacts.xlsx (May 2026),esh-tr.foi@nhs.net,,https://www.esht.nhs.uk/about-us/contact-us/freedom-of-information/,"press uses web form, no listed email; East Sussex Healthcare media enquiries page closed connection on fetch; no press email retrieved."
East and North Hertfordshire NHS Trust,RWH,communications.enh-tr@nhs.net,,https://www.enherts-tr.nhs.uk/contact/,foi.enh-tr@nhs.net,,https://www.enherts-tr.nhs.uk/foi/,Both emails obscured by Cloudflare email-protection on the pages
East of England Ambulance Service NHS Trust,RYC,media@eastamb.nhs.uk,,Temp/Comms contacts.xlsx (May 2026),FOI@eastamb.nhs.uk,,https://www.eastamb.nhs.uk/about-us/freedom-of-information,"EEAST: no press/media email visible on contact, newsroom, in-the-news, or about-us pages; site is Next.js app with limited static contact info; East of England Ambulance contact page lists feedback@ and charity@ only; no dedicated press email published."
Epsom and St Helier University Hospitals NHS Trust,RVR,gesh.comms@stgeorges.nhs.uk,,https://www.epsom-sthelier.nhs.uk/media-enquiries,esth.foi@nhs.net,,Temp/Comms contacts.xlsx (May 2026),"GESH group press inbox shared with St George's; FOI directs to online form, no email; Epsom & St Helier FOI page provides only postal address and online form; no email."
Essex Partnership University NHS Foundation Trust,R1L,communications@eput.nhs.uk,epunft.communications@nhs.net,https://www.eput.nhs.uk/contact/,epunft.FOI@nhs.net,,https://www.eput.nhs.uk/about/freedom-of-information/,FOI email obfuscated as [email protected] on website; could not extract; EPUT FOI email decoded from Cloudflare cfemail attribute (epunft = Essex Partnership University NHS Foundation Trust).
Frimley Health NHS Foundation Trust,RDU,fhft.communications@nhs.net,,https://www.fhft.nhs.uk/news,fhft.foi@nhs.net,,https://www.fhft.nhs.uk/about-us/corporate-information-and-publications/freedom-information-foi,
Gateshead Health NHS Foundation Trust,RR7,ghnt.comms@nhs.net,,https://www.gatesheadhealth.nhs.uk/press/,ghnt.foi.enquiries@nhs.net,,https://www.gatesheadhealth.nhs.uk/foi/,Decoded from CloudFlare cfemail data attributes
George Eliot Hospital NHS Trust,RLT,communications@geh.nhs.uk,,https://www.geh.nhs.uk/contact-us/media-enquiries,freedom.ofinformation@geh.nhs.uk,foi@geh.nhs.uk,https://www.geh.nhs.uk/about-us/governance/freedom-information,in progress
Gloucestershire Health and Care NHS Foundation Trust,RTQ,ghccomms@ghc.nhs.uk,2gnft.comms@nhs.net,https://www.ghc.nhs.uk/contact-us/,foi@ghc.nhs.uk,FreedomofInformation@ghc.nhs.uk,https://www.ghc.nhs.uk/who-we-are/freedom-of-information/,
Gloucestershire Hospitals NHS Foundation Trust,RTE,ghn-tr.comms@nhs.net,,https://www.gloshospitals.nhs.uk/about-us/news-media/media-enquiries/,ghn-tr.foi@nhs.net,,https://www.gloshospitals.nhs.uk/about-us/our-trust/freedom-information/,FOI page not located on attempted URLs
Great Ormond Street Hospital for Children NHS Foundation Trust,RP4,media@gosh.nhs.uk,,https://www.gosh.nhs.uk/press-office/,foiteam@gosh.nhs.uk,,Temp/Comms contacts.xlsx (May 2026),GOSH FOI page not located (homepage and search returned no FOI link; /about-us/freedom-of-information/ returns 404). Likely available only via direct contact with information governance; GOSH FOI sub-pages 404 across multiple tested paths; press-office page links to FOI but target unreachable.
Great Western Hospitals NHS Foundation Trust,RN3,gwh.comms@nhs.net,,https://www.gwh.nhs.uk/contact-us/media-enquiries/,gwh.foi@nhs.net,,Temp/Comms contacts.xlsx (May 2026),FOI page not located; Great Western Hospitals FOI sub-pages 404 across all common paths.
Greater Manchester Mental Health NHS Foundation Trust,RXV,communications@gmmh.nhs.uk,,https://www.gmmh.nhs.uk/contact-us,foi@gmmh.nhs.uk,,https://www.gmmh.nhs.uk/contact-us,
Guy's and St Thomas' NHS Foundation Trust,RJ1,gstt.press@nhs.net,press@gstt.nhs.uk,https://www.guysandstthomas.nhs.uk/news/contacts-media-enquiries,gstt.foi@nhs.net,foi@gstt.nhs.uk,https://www.guysandstthomas.nhs.uk/about-us/freedom-information,FOI email obfuscated by Cloudflare on FOI page; not confirmed; FOI email decoded from Cloudflare cfemail attribute on FOI page.
Hampshire Hospitals NHS Foundation Trust,RN5,communications@hhft.nhs.uk,,Temp/Comms contacts.xlsx (May 2026),foi@hhft.nhs.uk,,https://www.hampshirehospitals.nhs.uk/about-us/freedom-information,press email not found on contact pages; Hampshire Hospitals: no press email surfaced (contact page returned 403).
Harrogate and District NHS Foundation Trust,RCD,communications@hdft.nhs.uk,hdft.hello@nhs.net,https://www.hdft.nhs.uk/contact/,foi@hdft.nhs.uk,hdft.foi@nhs.net,https://www.hdft.nhs.uk/contact/,Both press and FOI emails on hdft.nhs.uk are obfuscated as [email protected]; confirmed contact phone numbers (press 01423 557470) but emails not extractable
Herefordshire and Worcestershire Health and Care NHS Trust,R1A,whcnhs.communications@nhs.net,,https://www.hacw.nhs.uk/media-enquiries-,WHCNHS.FOIrequest@nhs.net,,https://www.hacw.nhs.uk/freedom-of-information/,
Hertfordshire Community NHS Trust,RY4,hct.communications@nhs.net,,https://www.hct.nhs.uk/contact-us/,hct.foi@nhs.net,,https://www.hct.nhs.uk/contact-us/,
Hertfordshire Partnership University NHS Foundation Trust,RWR,,,,,,,press email not found on site; FOI email not found on site; Hertfordshire Partnership University: contact-us and FOI pages returned 403 to WebFetch (bot block).
Homerton Healthcare NHS Foundation Trust,RQX,mark.purcell@nhs.net,,https://www.homerton.nhs.uk/press-office,huh-tr.foi@nhs.net,,https://www.homerton.nhs.uk/contact-us,Homerton press contact is named individual (Mark Purcell) rather than team inbox
Hounslow and Richmond Community Healthcare NHS Trust,RY9,krft.comms@nhs.net,hrch.communications@nhs.net,https://www.kingstonandrichmond.nhs.uk/about-us/news/media-enquiries,krft.foienquiries@nhs.net,hrch.freedomofinformation@nhs.net,https://www.kingstonandrichmond.nhs.uk/patients-and-families/patient-records-and-privacy/freedom-information-and-access-records,Hounslow & Richmond merged into Kingston & Richmond NHS Group; site redirects to kingstonandrichmond.nhs.uk
Hull University Teaching Hospitals NHS Trust,RWA,nlg-tr.comms@nhs.net,hyp-tr.comms@nhs.net,https://www.hull.nhs.uk/contact/,hyp-tr.huthfoi@nhs.net,hyp-tr.foi@nhs.net,https://www.hull.nhs.uk/contact/,hey.nhs.uk redirects to hull.nhs.uk; FOI page hey.nhs.uk/about-us/freedom-of-information redirects to nlg.nhs.uk/foi (NLAG sister trust)
Humber Teaching NHS Foundation Trust,RV9,HNF-TR.communications@nhs.net,,https://www.humber.nhs.uk/news/media-and-communications/,,,https://www.humber.nhs.uk/about/freedom-of-information-and-publication-scheme/,"FOI directs to online form, no direct email listed; Humber FOI page directs requests via online form; no email published."
Imperial College Healthcare NHS Trust,RYJ,imperial.press.office@nhs.net,cara.barrett@nhs.net,https://www.imperial.nhs.uk/contact-and-find-us/press-office,imperial.foi@nhs.net,,https://www.imperial.nhs.uk/about-us/foi/freedom-of-information-requests,
Isle of Wight NHS Trust,R1F,pho-tr.communications@nhs.net,,https://www.iow.nhs.uk/contact-us,iownt.freedomofinformation@nhs.net,,https://www.iow.nhs.uk/about-us/requesting-information,
James Paget University Hospitals NHS Foundation Trust,RGP,communications@jpaget.nhs.uk,,https://www.jpaget.nhs.uk/departments/communications-media/,FOI@jpaget.nhs.uk,,https://www.jpaget.nhs.uk/about-us/freedom-of-information/,
Kent Community Health NHS Foundation Trust,RYY,kchft.comms@nhs.net,,https://www.kentcht.nhs.uk/contact/,kcht.foi@nhs.net,,https://www.kentcht.nhs.uk/contact/,
Kent and Medway NHS and Social Care Partnership Trust,RXY,comms.kentandmedway@nhs.net,,Temp/Comms contacts.xlsx (May 2026),kmmh.infoaccess@nhs.net,kmpt.infoaccess@nhs.net,http://www.kentmedwaymentalhealth.nhs.uk/about-us/freedom-of-information/,trust rebranded to Kent Medway Mental Health; press via web form only; KMPT contact page provides media enquiries form only; no published press email.
Kettering General Hospital NHS Foundation Trust,RNQ,kgh-tr.Comms@nhs.net,,https://www.kgh.nhs.uk/contact-us,kgh-tr.foi@nhs.net,,https://www.kgh.nhs.uk/contact-us,
King's College Hospital NHS Foundation Trust,RJZ,kch-tr.mediateam@nhs.net,,https://www.kch.nhs.uk/news/press-media-and-filming/contacting-the-media-team,kch-tr.foi@nhs.net,,https://www.kch.nhs.uk/about/corporate-information/freedom-of-information/,FOI email obfuscated by Cloudflare; postal/online form available; FOI email decoded from Cloudflare cfemail attribute.
Kingston Hospital NHS Foundation Trust,RAX,krft.comms@nhs.net,,https://www.kingstonandrichmond.nhs.uk/about-us/news/media-enquiries,krft.foienquiries@nhs.net,,https://www.kingstonandrichmond.nhs.uk/patients-and-families/patient-records-and-privacy/freedom-information-and-access-records,Trust now Kingston and Richmond NHS FT (merger). FOI email not surfaced on contact page
Lancashire Teaching Hospitals NHS Foundation Trust,RXN,communication@lthtr.nhs.uk,,https://www.lancsteachinghospitals.nhs.uk/contact-us,freedomofinformation@lthtr.nhs.uk,,https://www.lancsteachinghospitals.nhs.uk/freedom-of-information,
Lancashire and South Cumbria NHS Foundation Trust,RW5,communications@lscft.nhs.uk,communications@lancashirecare.nhs.uk,https://www.lscft.nhs.uk/contact-us/press-and-media,FOIRequests@lancashirecare.nhs.uk,,Temp/Comms contacts.xlsx (May 2026),FOI requests submitted via online form; no direct email provided; Lancashire & South Cumbria FOI page provides postal address and online form only; no FOI email published.
Leeds Community Healthcare NHS Trust,RY6,lch.comms@nhs.net,,https://leedscommunityhealthcare.nhs.uk/contact-us/press-and-media-enquiries/,ig.lch@nhs.net,foi.lch@nhs.net,https://leedscommunityhealthcare.nhs.uk/about-us/access-to-information/data-requests-your-privacy/,
Leeds Teaching Hospitals NHS Trust,RR8,leedsth-tr.researchcomms@nhs.net,communications.lth@nhs.net,https://www.leedsth.nhs.uk/research/contact-us/,leedsth-tr.informationgovernance@nhs.net,,https://www.leedsth.nhs.uk/about/information-governance/subject-access-requests/,
Leeds and York Partnership NHS Foundation Trust,RGD,communications.lypft@nhs.net,,https://www.leedsandyorkpft.nhs.uk/contact-us/,foi.lypft@nhs.net,,https://www.leedsandyorkpft.nhs.uk/contact-us/,
Leicestershire Partnership NHS Trust,RT5,lpt.communications@nhs.net,kamy.basra@leicspart.nhs.uk,https://www.leicspart.nhs.uk/contact/comms/,lpt.foi@nhs.net,FOIrequests@leicspart.nhs.uk,https://www.leicspart.nhs.uk/about/freedom-of-information-requests/,
Lewisham and Greenwich NHS Trust,RJ2,lg.communications@nhs.net,,https://www.lewishamandgreenwich.nhs.uk/contact-us/,foi.lg@nhs.net,,https://www.lewishamandgreenwich.nhs.uk/contact-us/,
Lincolnshire Community Health Services NHS Trust,RY5,ulth.lchscommunications@nhs.net,lchsecomms@lincs-chs.nhs.uk,https://lincolnshirecommunityhealthservices.nhs.uk/contact-us,agcsu.foi.lchs@nhs.net,,https://lincolnshirecommunityhealthservices.nhs.uk/about-us/freedom-of-information,FOI handled via shared CSU inbox
Lincolnshire Partnership NHS Foundation Trust,RP7,lpft.communications@nhs.net,lincs.spa@nhs.net,https://www.lpft.nhs.uk/contact-us,lpft.FOIrequest@nhs.net,lpn-tr.FOIrequest@nhs.net,https://www.lpft.nhs.uk/contact-us,
Liverpool Heart and Chest Hospital NHS Foundation Trust,RBQ,Matthew.Back@lhch.nhs.uk,,https://www.lhch.nhs.uk/press-and-media,FOIRequests@lhch.nhs.uk,,https://www.lhch.nhs.uk/make-a-request,Press contact is named individual (Head of Communications) - no shared press inbox published
Liverpool University Hospitals NHS Foundation Trust,REM,Communications@uhliverpool.nhs.uk,communications@liverpoolft.nhs.uk,https://www.uhliverpool.nhs.uk/contact-us/press-information,FOIRequests@liverpoolft.nhs.uk,,https://www.uhliverpool.nhs.uk/contact-us/freedom-information-requests,now part of NHS University Hospitals of Liverpool Group
Liverpool Women's NHS Foundation Trust,REP,Communications@uhliverpool.nhs.uk,communications@lwh.nhs.uk,https://www.uhliverpool.nhs.uk/contact-us/press-information,FOI@lwh.nhs.uk,,https://www.liverpoolwomens.nhs.uk/media/1795/foi-publication-scheme.pdf,Liverpool Women's now part of NHS University Hospitals of Liverpool Group; legacy LWH FOI inbox still in use per FOI publication scheme
London Ambulance Service NHS Trust,RRU,londamb.press.office@nhs.net,,https://www.londonambulance.nhs.uk/news-2/follow-us-social-media/,londamb.foi@nhs.net?subject=enquiry%20from%20london%20ambulance%20service%20website,foi@londonambulance.nhs.uk,https://www.londonambulance.nhs.uk/talking-with-us/freedom-of-information/classes-of-information/,
London North West University Healthcare NHS Trust,R1K,lnwh-tr.communications@nhs.net,,https://www.lnwh.nhs.uk/press,lnwh@infreemation.co.uk,,https://www.lnwh.nhs.uk/foi,FOI uses third-party Infreemation portal
Maidstone and Tunbridge Wells NHS Trust,RWF,mtw-tr.communications@nhs.net,,https://www.mtw.nhs.uk/contact/,mtw-tr.FOIadmin@nhs.net,,https://www.mtw.nhs.uk/contact/,
Manchester University NHS Foundation Trust,R0A,pressoffice@mft.nhs.uk,communications@mft.nhs.uk,https://mft.nhs.uk/contact-us/,foi@mft.nhs.uk,,https://mft.nhs.uk/freedom-of-information/,
Medway NHS Foundation Trust,RPA,communications.medwayft@nhs.net,,https://www.medway.nhs.uk/contact-us/media-and-website-enquiries/,medwayft.foi@nhs.net,,https://www.medway.nhs.uk/about-us/access-to-information/,Medway contact page does not list emails
Mersey Care NHS Foundation Trust,RW4,communications@merseycare.nhs.uk,,https://www.merseycare.nhs.uk/contact-us,FOI@merseycare.nhs.uk,freedomofinformation@merseycare.nhs.uk,https://www.merseycare.nhs.uk/contact-us,press email not found on site; FOI email not found on site; Mersey Care: all contact and FOI URLs tested returned 403 (bot block). Could not verify.; Verified via Playwright 4 May 2026 (WebFetch had been blocked by Cloudflare).
Mersey and West Lancashire Teaching Hospitals NHS Trust,RBN,communications@merseywestlancs.nhs.uk,,https://www.merseywestlancs.nhs.uk/media-and-pr,foirequests@merseywestlancs.nhs.uk,,https://www.merseywestlancs.nhs.uk/foi,
Mid Cheshire Hospitals NHS Foundation Trust,RBT,communications@mcht.nhs.uk,,https://www.mcht.nhs.uk/contact-us,foi.foi@mcht.nhs.uk,foi@mcht.nhs.uk,https://www.mcht.nhs.uk/contact-us,
Mid Yorkshire Teaching NHS Trust,RXF,midyorks.communications@nhs.net,,https://www.midyorks.nhs.uk/contact-us/,midyorks.foi@nhs.net,,https://www.midyorks.nhs.uk/publication-scheme,
Mid and South Essex NHS Foundation Trust,RAJ,mse.communications@nhs.net,,https://www.mse.nhs.uk/media-centre,mse.foi.suhft@nhs.net,,https://www.mse.nhs.uk/freedom-of-information,
Midlands Partnership University NHS Foundation Trust,RRE,communications@mpft.nhs.uk,enquiries@mpft.nhs.uk,https://www.mpft.nhs.uk/contact-us,foi@mpft.nhs.uk,,Temp/Comms contacts.xlsx (May 2026),MPFT FOI page directs requests via postal address or online portal (mpft.ams-sar.com); no FOI email published.
Milton Keynes University Hospital NHS Foundation Trust,RD8,communications@mkuh.nhs.uk,,https://www.mkuh.nhs.uk/news/information-for-the-media,Foi.PublicationSchemeCo-ordinator@mkuh.nhs.uk,,https://www.mkuh.nhs.uk/about-us/freedom-of-information,Live site behind Cloudflare bot challenge; values decoded from CloudFlare cfemail in Wayback Machine snapshot Dec 2024
Moorfields Eye Hospital NHS Foundation Trust,RP6,Moorfields.pressoffice@nhs.net,,https://www.moorfields.nhs.uk/contact-us,Moorfields.webrequests@nhs.net,moorfields.fois@nhs.net,https://www.moorfields.nhs.uk/about-us/freedom-of-information,FOI page lists webrequests inbox; may be IG-handled rather than dedicated FOI
East of England Community Health and Care NHS Trust,RY3,ccs.communications@nhs.net,Communications@nchc.nhs.uk,https://eastofenglandcommunityhealthandcare.nhs.uk/contact-us,ccs.accesstoinfo@nhs.net,FreedomOfInformationProvider@nchc.nhs.uk,https://eastofenglandcommunityhealthandcare.nhs.uk/contact-us,Norfolk Community merged into East of England Community Health & Care; shared CCS inbox; renamed from 'Norfolk Community Health and Care NHS Trust' on 2026-05-16 after April 2026 merger with Cambridgeshire Community Services (RYV)
Norfolk and Norwich University Hospitals NHS Foundation Trust,RM1,communications@nnuh.nhs.uk,,https://www.nnuh.nhs.uk/news-and-events/media-centre/contacting-the-communications-team/,foi@nnuh.nhs.uk,,https://www.nnuh.nhs.uk/about-us/freedom-of-information/,
Norfolk and Suffolk NHS Foundation Trust,RMY,media@nsft.nhs.uk,,https://www.nsft.nhs.uk/press,informationrights@nsft.nhs.uk,,https://www.nsft.nhs.uk/freedom-of-information/,
North Bristol NHS Trust,RVJ,nbtcommunications@nbt.nhs.uk,,https://www.nbt.nhs.uk/about-us/contact-us,FOIArequests@nbt.nhs.uk,foi@nbt.nhs.uk,https://www.nbt.nhs.uk/about-us/freedom-information,
North Cumbria Integrated Care NHS Foundation Trust,RNN,communications@ncic.nhs.uk,communications.helpdesk@ncic.nhs.uk,https://www.ncic.nhs.uk/contact,FOIRequests@ncic.nhs.uk,,Temp/Comms contacts.xlsx (May 2026),FOI page not located; North Cumbria FOI URLs all 404; contact page references FOI but only via submission portal.
North East Ambulance Service NHS Foundation Trust,RX6,publicrelations@neas.nhs.uk,,https://www.neas.nhs.uk/contact-us,Freedom.Of.Information.Requests@neas.nhs.uk,publicrelations@neas.nhs.uk,https://www.neas.nhs.uk/about-us/freedom-information,
North East London NHS Foundation Trust,RAT,press@nelft.nhs.uk,communications@nelft.nhs.uk,https://www.nelft.nhs.uk/contact-us/,foi.foi@nelft.nhs.uk,foi@nelft.nhs.uk,https://www.nelft.nhs.uk/contact-us/,
North Staffordshire Combined Healthcare NHS Trust,RLY,communications@combined.nhs.uk,,https://www.combined.nhs.uk/contact/contact-us/,FOIRequests@combined.nhs.uk,,Temp/Comms contacts.xlsx (May 2026),FOI page returned 404 from tested paths and connection reset on combined.nhs.uk; FOI inbox not retrievable; North Staffordshire Combined FOI sub-pages 404; no FOI email published on contact page.
North Tees and Hartlepool NHS Foundation Trust,RVW,nth-tr.communications@nhs.net,,https://www.nth.nhs.uk/contact/,nth-tr.foi@nhs.net,,https://www.nth.nhs.uk/contact/,Both emails obscured by Cloudflare email-protection on the pages
North West Ambulance Service NHS Trust,RX7,press@nwas.nhs.uk,press.office@nwas.nhs.uk,https://www.nwas.nhs.uk/contact-us/,foi.enquiries@nwas.nhs.uk,,https://www.nwas.nhs.uk/foi/,Cloudflare email-protection decoded for FOI
North West Anglia NHS Foundation Trust,RGN,nwangliaft.communications@nhs.net,,https://www.nwangliaft.nhs.uk/contact-us/,nwangliaft.FOITeam@nhs.net,,https://www.nwangliaft.nhs.uk/freedom-of-information-foi-requests,
Northampton General Hospital NHS Trust,RNS,ngh-tr.communications@nhs.net,,https://www.northamptongeneral.nhs.uk/News/Communications-team.aspx,ngh-tr.foi@nhs.net,foi@ngh.nhs.uk,https://www.northamptongeneral.nhs.uk/About/Information-and-Data-Protection/Freedom-of-Information-Act/Freedom-of-Information-Act-2000/Publication-Scheme/Publication-Scheme.aspx,FOI email retrieved via Wayback snapshot of publication scheme page
Northamptonshire Healthcare NHS Foundation Trust,RP1,commsteam@nhft.nhs.uk,,https://www.nhft.nhs.uk/contact,foi@nhft.nhs.uk,,https://www.nhft.nhs.uk/foi/,FOI page not located
Northern Care Alliance NHS Foundation Trust,RM3,trust.communications@nca.nhs.uk,,https://www.northerncarealliance.nhs.uk/about-us/media-centre,FreedomofInformationRequests@nca.nhs.uk,penninefoi.atsalford@srft.nhs.uk,https://www.northerncarealliance.nhs.uk/contact-us/freedom-information-requests,
Northern Lincolnshire and Goole NHS Foundation Trust,RJL,nlg-tr.comms@nhs.net,,https://www.nlg.nhs.uk/press-and-media/,nlg-tr.nlagfoi@nhs.net,nlg-tr.foi@nhs.net,https://www.nlg.nhs.uk/foi/,Decoded from CloudFlare cfemail data attributes
Northumbria Healthcare NHS Foundation Trust,RTF,media@northumbria-healthcare.nhs.uk,,https://www.northumbria.nhs.uk/media-centre/contact-us,foi@northumbria.nhs.uk,,https://www.northumbria.nhs.uk/about-us/corporate-information/freedom-information,FOI page not located; contact form references FOI option only
Nottingham University Hospitals NHS Trust,RX1,nuhnt.nuhmedia@nhs.net,NUHMedia@nuh.nhs.uk,https://www.nuh.nhs.uk/media-enquiries/,nuhnt.dutyin@nhs.net,FOI@nuh.nhs.uk,https://www.nuh.nhs.uk/freedom-of-information/,"Nottingham UH: contact-us, comms and news-media URLs all 404; no public press email surfaced.; press primary updated 2026-05-16 from https://www.nuh.nhs.uk/media-enquiries/; prior value moved to _alt"
Nottinghamshire Healthcare NHS Foundation Trust,RHA,communications@nottshc.nhs.uk,,https://www.nottinghamshirehealthcare.nhs.uk/press-and-media,FOI@nottshc.nhs.uk,,https://www.nottinghamshirehealthcare.nhs.uk/freedom-of-information-request-form,
Oxford Health NHS Foundation Trust,RNU,Communications.Team@oxfordhealth.nhs.uk,,https://oxfordhealth.nhs.uk/contacts/media-enquiries/,foiarfi@oxfordhealth.nhs.uk,,https://www.oxfordhealth.nhs.uk/contacts/,press email not on main contact pages
Oxford University Hospitals NHS Foundation Trust,RTH,web.editor@ouh.nhs.uk,media.office@ouh.nhs.uk,https://www.ouh.nhs.uk/contact/,oxford@infreemation.co.uk,,Temp/Comms contacts.xlsx (May 2026),"FOI requests directed to online form, no email; subject.accessrequest@ouh.nhs.uk only for personal data/SAR; Oxford UH FOI page directs requests via online form (foienquiries.ouh.nhs.uk/start-now) and postal address; no generic FOI email published. subject.accessrequest@ouh.nhs.uk is for Subject Access only."
Oxleas NHS Foundation Trust,RPG,oxl-tr.communications@nhs.net,,https://www.oxleas.nhs.uk/contact-us/,oxl-tr.FOI@nhs.net,,https://www.oxleas.nhs.uk/contact-us/,
Pennine Care NHS Foundation Trust,RT2,media.penninecare@nhs.net,,https://www.penninecare.nhs.uk/contact,foi.penninecare@nhs.net,,https://www.penninecare.nhs.uk/contact,
Portsmouth Hospitals University National Health Service Trust,RHU,pho-tr.communications@nhs.net,communications@porthosp.nhs.uk,https://www.porthosp.nhs.uk/about-us/contact-us,pho-tr.foirequest-portsmouth@nhs.net,Portsmouth.FOIRequests@porthosp.nhs.uk,https://www.porthosp.nhs.uk/about-us/information-governance/requesting-information,in progress
Queen Victoria Hospital NHS Foundation Trust,RPC,qvh.communications@nhs.net,qvh.info@nhs.net,https://www.qvh.nhs.uk/contact-us/,qvh.foi@nhs.net,,https://www.qvh.nhs.uk/contact-us/,
Rotherham Doncaster and South Humber NHS Foundation Trust,RXE,rdash.rdashcommunications@nhs.net,,https://www.rdash.nhs.uk/contact-us/media-enquiries/,rdash.foirdash@nhs.net,,https://www.rdash.nhs.uk/about-us/governance/freedom-of-information/,
Royal Berkshire NHS Foundation Trust,RHW,communications@royalberkshire.nhs.uk,,https://www.royalberkshire.nhs.uk/contact-us/,foi@royalberkshire.nhs.uk,,https://www.royalberkshire.nhs.uk/contact-us/,in progress
Royal Cornwall Hospitals NHS Trust,REF,rcht.communication@nhs.net,,https://news.royalcornwallhospitals.nhs.uk/press-and-media/,rch-tr.foi@nhs.net,,https://royalcornwallhospitals.nhs.uk/organisation/freedom-of-information/,
Royal Devon University Healthcare NHS Foundation Trust,RH8,rde-tr.RDEComms@nhs.net,rduh.comms@nhs.net,https://www.royaldevon.nhs.uk/get-in-touch,rduh.foi@nhs.net,,https://www.royaldevon.nhs.uk/about-us/information-governance/freedom-of-information-foi-and-environmental-information-regulations-eir/,Trust uses two legacy comms inboxes (Eastern: rde-tr.RDEComms@nhs.net; Northern: ndht.Communications@nhs.net) post-merger
Royal Free London NHS Foundation Trust,RAL,tr-rf.communications@nhs.net,rf.mediaenquiries@nhs.net,https://www.royalfree.nhs.uk/contact-us/contact-media-team,rf-tr.foi@nhs.net,,Temp/Comms contacts.xlsx (May 2026),Site (incl FOI page) returned 403 to scraping; press email confirmed via search results. FOI email not extractable - likely rf-tr.foi@nhs.net but unverified; Royal Free FOI page returned 403 to WebFetch on multiple attempts; could not retrieve email.
Royal National Orthopaedic Hospital NHS Trust,RAN,rnoh.mediaenquiries-sm@nhs.net,rnoh.communicationsdept@nhs.net,https://www.rnoh.nhs.uk/contact-us,rnoh.foi-sm@nhs.net,,https://www.rnoh.nhs.uk/contact-us,
Royal Papworth Hospital NHS Foundation Trust,RGM,papworth.communications@nhs.net,,https://royalpapworth.nhs.uk/contact/media-enquiries,papworth.foidept@nhs.net,,https://royalpapworth.nhs.uk/our-hospital/information-we-publish/freedom-information,
Royal Surrey County Hospital NHS Foundation Trust,RA2,rsch.pressoffice@nhs.net,rsch.communications@nhs.net,https://www.royalsurrey.nhs.uk/useful-contacts-/,rsc-tr.FreedomOfInformation@nhs.net,,https://www.royalsurrey.nhs.uk/how-to-make-a-freedom-of-information-request,
Royal United Hospitals Bath NHS Foundation Trust,RD1,ruh-tr.CommunicationTeam@nhs.net,,https://www.ruh.nhs.uk/media/index.asp,ruh-tr.FOIRequests@nhs.net,,Temp/Comms contacts.xlsx (May 2026),FOI page references comms team but no dedicated FOI email surfaced; Royal United Bath FOI URL not retrieved (legacy .asp paths).
Salisbury NHS Foundation Trust,RNZ,dave.roberts@nhs.net,,https://www.salisbury.nhs.uk/about-us/media-enquiries/,sft.freedomofinformation@nhs.net,,https://www.salisbury.nhs.uk/about-us/freedom-of-information-foi/how-to-make-a-request/,Salisbury press contacts are individuals only (Dave Roberts and Lydia.Davies6@nhs.net); no team mailbox listed
Sandwell and West Birmingham Hospitals NHS Trust,RXK,swbh.comms@nhs.net,,https://www.swbh.nhs.uk/news/,swb-tr.SWBH-GM-FOIRequests@nhs.net,,https://www.swbh.nhs.uk/our-trust/statutory-information/freedom-of-information/,Press email confirmed via news team contact section.
Sheffield Children's NHS Foundation Trust,RCU,scn-tr.communications@nhs.net,communications@sch.nhs.uk,https://www.sheffieldchildrens.nhs.uk/contact-us/,scn-tr.schfoi@nhs.net,,https://www.sheffieldchildrens.nhs.uk/contact-us/,
Sheffield Health and Social Care NHS Foundation Trust,TAH,communications@sheffieldpartnership.nhs.uk,communications.shsc@shsc.nhs.uk,https://www.sheffieldpartnership.nhs.uk/contact-us/media-enquiries,shsc@infreemation.co.uk,foi@shsc.nhs.uk,https://www.sheffieldpartnership.nhs.uk/contact-us/freedom-information-requests,Sheffield Health & Social Care rebranded as Sheffield Partnership University FT; FOI uses Infreemation portal
Sheffield Teaching Hospitals NHS Foundation Trust,RHQ,sth.allcommunicationsteam@nhs.net,,https://www.sth.nhs.uk/news/media-enquiries/,sth.foi@nhs.net,,https://www.sth.nhs.uk/about-us/freedom-of-information/,
Sherwood Forest Hospitals NHS Foundation Trust,RK5,sfh-tr.communications@nhs.net,,https://www.sfh-tr.nhs.uk/about-us/contact-us/communications-team/,sfh-tr.information.governance@nhs.net,sfh-tr.foi.requests@nhs.net,https://www.sfh-tr.nhs.uk/about-us/regulatory-information/freedom-of-information/,
Shropshire Community Health NHS Trust,R1D,shropcom.communications@nhs.net,,https://www.shropscommunityhealth.nhs.uk/contact-us,shropcom.FOIR@infreemation.co.uk,shropcom.foi@nhs.net,https://www.shropscommunityhealth.nhs.uk/foi,FOI uses third-party Infreemation portal
Solent NHS Trust,R1C,hiowh.communications@nhs.net,communications@solent.nhs.uk,https://hiowhealthcare.nhs.uk/contact-us,hiowh.freedomofinformation@nhs.net,FreedomOfInformation@solent.nhs.uk,https://hiowhealthcare.nhs.uk/about-us/freedom-information,Solent merged into Hampshire & Isle of Wight Healthcare NHS FT (1 Oct 2024); FOI email not surfaced on contact page
Somerset NHS Foundation Trust,RH5,communications@somersetft.nhs.uk,,https://www.somersetft.nhs.uk/about-us/about-us/news-and-media/,foi@somersetft.nhs.uk,,https://www.somersetft.nhs.uk/about-us/about-us/publication-scheme/freedom-of-information-foi/,press email not located on public pages
South Central Ambulance Service NHS Foundation Trust,RYE,oncallmedia@scas.nhs.uk,,https://www.scas.nhs.uk/contact-us/contact-the-media-team/,foi@scas.nhs.uk,,https://www.scas.nhs.uk/contact-us/,
South East Coast Ambulance Service NHS Foundation Trust,RYD,press@secamb.nhs.uk,,https://www.secamb.nhs.uk/news/contact-media-team/,foi@secamb.nhs.uk,,https://www.secamb.nhs.uk/freedom-of-information-requests/,
South London and Maudsley NHS Foundation Trust,RV5,communications@slam.nhs.uk,,https://www.slam.nhs.uk/newsroom,foi@slam.nhs.uk,,https://www.slam.nhs.uk/freedom-of-information,
South Tees Hospitals NHS Foundation Trust,RTR,stees.public.relations@nhs.net,,https://www.southtees.nhs.uk/press/,stees.foi.admin@nhs.net,,https://www.southtees.nhs.uk/freedom-of-information-foi/foi-contacts/,Email addresses obscured by Cloudflare email-protection on both pages; could not extract verbatim; Both emails decoded from Cloudflare cfemail attributes.
South Tyneside and Sunderland NHS Foundation Trust,R0B,stsft.trustcomms@nhs.net,lauren.robinson13@nhs.net,https://www.stsft.nhs.uk/contact-us,stsft.freedomofinformation@nhs.net,stsft@infreemation.co.uk,https://www.stsft.nhs.uk/about-us/corporate-information/foi-requests,Trust uses third-party portal Stsft@infreemation.co.uk; nhs.net inbox is the auto-reply / fallback
South Warwickshire University NHS Foundation Trust,RJC,communications@swft.nhs.uk,,https://www.swft.nhs.uk/about-us/contact-us,swft@infreemation.co.uk,,Temp/Comms contacts.xlsx (May 2026),FOI email not located; South Warwickshire FOI sub-pages 404; contact page advises calling switchboard for FOI.
South West London and St George's Mental Health NHS Trust,RQY,communications@swlstg.nhs.uk,,https://www.swlstg.nhs.uk/media-enquiries,FOI-Requests@swlstg.nhs.uk,foi@swlstg.nhs.uk,https://www.swlstg.nhs.uk/freedom-of-information,
South West Yorkshire Partnership NHS Foundation Trust,RXG,comms@swyt.nhs.uk,,https://www.southwestyorkshire.nhs.uk/contact-us/,foi@swyt.nhs.uk,,https://www.southwestyorkshire.nhs.uk/contact-us/freedom-of-information/how-to-make-a-request/,
South Western Ambulance Service NHS Foundation Trust,RYF,publicrelations@swast.nhs.uk,,https://www.swast.nhs.uk/press-office,swast.information.governance@nhs.net,information.governance@swast.nhs.uk,https://www.swast.nhs.uk/contact-us,
Southern Health NHS Foundation Trust,RW1,hiowh.communications@nhs.net,communications@southernhealth.nhs.uk,https://hiowhealthcare.nhs.uk/contact-us,hiowh.freedomofinformation@nhs.net,freedom.information@southernhealth.nhs.uk,https://hiowhealthcare.nhs.uk/freedom-information,Southern Health was reorganised into Hampshire and Isle of Wight Healthcare NHSFT
St George's University Hospitals NHS Foundation Trust,RJ7,gesh.comms@stgeorges.nhs.uk,,https://www.stgeorges.nhs.uk/news/media-enquiries/,foi@stgeorges.nhs.uk,,Temp/Comms contacts.xlsx (May 2026),FOI page lists postal address only; no email published; St George's FOI URL not fetched within budget.
Stockport NHS Foundation Trust,RWJ,communications@stockport.nhs.uk,,Temp/Comms contacts.xlsx (May 2026),foi@stockport.nhs.uk,,https://www.stockport.nhs.uk/about/trust/freedom-of-information/,Contact page lists no media or FOI emails; FOI page not yet checked; Stockport FOI email decoded from Cloudflare cfemail. Contact-us page 404; no press email surfaced.
Surrey and Borders Partnership NHS Foundation Trust,RXX,communications@sabp.nhs.uk,,https://www.sabp.nhs.uk/contact/media-enquiries,foi@sabp.nhs.uk,igteam@sabp.nhs.uk,https://www.sabp.nhs.uk/contact/freedom-of-info,
Surrey and Sussex Healthcare NHS Trust,RTP,sash.communications@nhs.net,,https://www.surreyandsussex.nhs.uk/find-contact-us/contact-us/media-and-communications,sash.foi@nhs.net,,https://www.surreyandsussex.nhs.uk/about-us/corporate-and-regulatory-information/freedom-information/how-make-request,
Sussex Community NHS Foundation Trust,RDR,scftcommunications@nhs.net,,Temp/Comms contacts.xlsx (May 2026),SC-TR.freedomofinformation@nhs.net,,Temp/Comms contacts.xlsx (May 2026),Both press and FOI pages returned 403 on direct fetch; emails are spam-obfuscated on the site. IG team based at Brighton General Hospital; Sussex Community: both press-and-media and FOI URLs returned 403 to WebFetch.
Sussex Partnership NHS Foundation Trust,RX2,spft.media@nhs.net,communications@sussexpartnership.nhs.uk,https://www.sussexpartnership.nhs.uk/about-us/news-events,spft.foi@nhs.net,foi@sussexpartnership.nhs.uk,https://www.sussexpartnership.nhs.uk/about-us/contact-us/freedom-information,
Tameside and Glossop Integrated Care NHS Foundation Trust,RMP,media@tgh.nhs.uk,communication@tgh.nhs.uk,https://www.tamesideandglossopicft.nhs.uk/contact-us/communicationpress,foi@tgh.nhs.uk,,https://www.tamesideandglossopicft.nhs.uk/about-us/freedom-information-foi/freedom-information-request,press/comms page not located
Tavistock and Portman NHS Foundation Trust,RNK,media@tavi-port.nhs.uk,communications@tavi-port.nhs.uk,https://tavistockandportman.nhs.uk/contact-us/media/,foi@tavi-port.nhs.uk,,https://tavistockandportman.nhs.uk/about-us/freedom-information/,Trust merged into North London FT April 2026; archived site; Note: Tavistock & Portman merged into North London NHS FT on 1 April 2026 - site archived.
"Tees, Esk and Wear Valleys NHS Foundation Trust",RX3,tewv.communications@nhs.net,tewv.enquiries@nhs.net,https://www.tewv.nhs.uk/contact/,TEAWVNT.accessrequests@nhs.net,tewv.foi@nhs.net,https://www.tewv.nhs.uk/freedom-of-information/,FOI handled via Access Requests inbox per contact page; Cloudflare email-protection decoded
The Christie NHS Foundation Trust,RBV,Maggie.Doyle@christie.nhs.uk,,Temp/Comms contacts.xlsx (May 2026),the-christie.foi@nhs.net,,https://www.christie.nhs.uk/about-us/about-the-christie/freedom-of-information-disclosure-logs,Press/media email not surfaced on contact-us page; Christie communications switchboard 0161 446 3000; Christie press office sub-pages all 404 in tests; no press email surfaced.
The Clatterbridge Cancer Centre NHS Foundation Trust,REN,ccf-tr.communications.team@nhs.net,,https://www.clatterbridgecc.nhs.uk/contact-us,ccf-tr.foi@nhs.net,,https://www.clatterbridgecc.nhs.uk/about-us/freedom-information-foi,"site returned 403 to bot fetch; pages exist per search results, but specific email addresses could not be confirmed"
The Dudley Group NHS Foundation Trust,RNA,dgft.communications@nhs.net,,https://www.dgft.nhs.uk/contact-us/,dgft.foi@nhs.net,,https://www.dgft.nhs.uk/about-us/freedom-of-information/,
The Hillingdon Hospitals NHS Foundation Trust,RAS,thh-tr.communications@nhs.net,,https://thh.nhs.uk/contact-us/,thh@infreemation.co.uk,thh-tr.freedomofinfo@nhs.net,https://www.thh.nhs.uk/about-us/freedom-of-information,"Trust directs FOI requests to online form at thh.disclosure-log.co.uk; no published email; Hillingdon Hospitals FOI page directs all requests via online form (thh.disclosure-log.co.uk); states attachments and links rejected; no FOI email published.; Hillingdon use the Infreemation portal — confirmed via WhatDoTheyKnow request thread, May 2026."
The Newcastle upon Tyne Hospitals NHS Foundation Trust,RTD,nuth.communications@nhs.net,,https://www.newcastle-hospitals.nhs.uk/help/press/,,,,"Newcastle press email inferred from Bing cross-reference (Cloudflare-encoded on page); FOI page directs requests via online form, no email."
The Princess Alexandra Hospital NHS Trust,RQW,paht.communications@nhs.net,,Temp/Comms contacts.xlsx (May 2026),paht.FOI@nhs.net,,Temp/Comms contacts.xlsx (May 2026),PAH uses online forms only for both media and FOI; emails are CloudFlare-protected share links not contact addresses; no direct inbox visible; Princess Alexandra: media page provides only enquiry form; FOI page Cloudflare-protected (cfemail not extracted). pah.foi@nhs.net is plausible but unverified.
The Queen Elizabeth Hospital King's Lynn NHS Foundation Trust,RCX,media.enquiries@qehkl.nhs.uk,Communicationsqeh@qehkl.nhs.uk,https://www.qehkl.nhs.uk/news-and-events/media-enquiries/,dpa@qehkl.nhs.uk,foi@qehkl.nhs.uk,https://www.qehkl.nhs.uk/freedom-of-information.asp,FOI uses combined data protection / FOI inbox
The Robert Jones and Agnes Hunt Orthopaedic Hospital NHS Foundation Trust,RL1,rjah.media.requests@nhs.net,,https://www.rjah.nhs.uk/contact-us/media-enquiries/,rjah.foi@nhs.net,,https://www.rjah.nhs.uk/contact-us,in progress
The Rotherham NHS Foundation Trust,RFR,rgh-tr.communications@nhs.net,,https://www.therotherhamft.nhs.uk/contact/media-enquiries,rgh-tr.freedomofinformation@nhs.net,,https://www.therotherhamft.nhs.uk/contact/freedom-information,
The Royal Marsden NHS Foundation Trust,RPY,pressteam@rmh.nhs.uk,,https://www.royalmarsden.nhs.uk/contact-us/pr-and-communications-team,,,https://www.royalmarsden.nhs.uk/about-royal-marsden/freedom-information,Royal Marsden FOI handled via online request form only; no public FOI inbox; Royal Marsden FOI URL not fetched within budget.
The Royal Orthopaedic Hospital NHS Foundation Trust,RRJ,roh.comms@nhs.net,,https://roh.nhs.uk/contact,roh-tr.foi@nhs.net,,https://roh.nhs.uk/contact,
The Royal Wolverhampton NHS Trust,RL4,rwh-tr.communicationsdept@nhs.net,,https://www.royalwolverhampton.nhs.uk/contact-us/,rwh-tr.foi@nhs.net,,https://www.royalwolverhampton.nhs.uk/contact-us/,in progress
The Shrewsbury and Telford Hospital NHS Trust,RXW,sath.commsteam@nhs.net,,https://www.sath.nhs.uk/news-media/contact-the-team/,sath.foi@nhs.net,,https://www.sath.nhs.uk/about-us/freedom-of-information/make-an-enquiry/,
The Walton Centre NHS Foundation Trust,RET,wcft.communications@nhs.net,,https://www.thewaltoncentre.nhs.uk/media-enquiries,wcft.enquiries@nhs.net,enquiries@thewaltoncentre.nhs.uk,https://www.thewaltoncentre.nhs.uk/freedom-of-information-requests---form,
Torbay and South Devon NHS Foundation Trust,RA9,tsdft.communicationsteam@nhs.net,communications.tsdft@nhs.net,https://www.torbayandsouthdevon.nhs.uk/news-and-publications/media/,tsdft.foirequests@nhs.net,foi.tsdft@nhs.net,https://www.torbayandsouthdevon.nhs.uk/about-us/data-protection/freedom-of-information/,Press email reconstructed from contact form recipient (tsdft.communicationsteam@nhs.net)
United Lincolnshire Hospitals NHS Trust,RWD,ulth.lchscommunications@nhs.net,communications@ulh.nhs.uk,https://www.ulh.nhs.uk/contact/news-communications/,ulth.foi@nhs.net,FOI@ulh.nhs.uk,https://www.ulh.nhs.uk/freedom-of-information/,Both emails obscured by Cloudflare email-protection on these pages
University College London Hospitals NHS Foundation Trust,RRV,uclh.media@nhs.net,,https://www.uclh.nhs.uk/about-us/what-we-do/media-and-communications/media-enquiries/story-consent,uclh.foi@nhs.net,,https://www.uclh.nhs.uk/contact/freedom-information,
University Hospital Southampton NHS Foundation Trust,RHM,communications@uhs.nhs.uk,,https://www.uhs.nhs.uk/whats-new/procedure-for-media-enquiries,freedomofinformation@uhs.nhs.uk,,Temp/Comms contacts.xlsx (May 2026),Trust website returned 404 to direct page fetches; FOI email not confirmed; UH Southampton FOI sub-pages all 404 across tested paths.
University Hospitals Birmingham NHS Foundation Trust,RRK,communications@uhb.nhs.uk,,https://www.uhb.nhs.uk/get-in-touch/media-enquiries/,Foi@uhb.nhs.uk,foi.uhb@uhb.nhs.uk,https://www.uhb.nhs.uk/get-in-touch/make-a-freedom-of-information-request/,press email not found on site; FOI email not found on site
University Hospitals Bristol and Weston NHS Foundation Trust,RA7,pressoffice@uhbw.nhs.uk,,https://www.uhbw.nhs.uk/p/get-in-touch/media-centre,FreedomOfInfo@uhbw.nhs.uk,FreedomofInfo@uhbristol.nhs.uk,https://www.uhbw.nhs.uk/p/how-we-use-your-data/freedom-of-information-foi-requests,
University Hospitals Coventry and Warwickshire NHS Trust,RKB,communications@uhcw.nhs.uk,,https://www.uhcw.nhs.uk/contact-us/media-centre/media-enquiries/,GMBFOI@uhcw.nhs.uk,foi@uhcw.nhs.uk,https://www.uhcw.nhs.uk/contact-us/freedom-of-information-act/,
University Hospitals Dorset NHS Foundation Trust,R0D,uhd.communications@nhs.net,communications@uhd.nhs.uk,https://www.uhd.nhs.uk/news/media-enquiry,uhd.foi@nhs.net,foi@uhd.nhs.uk,https://www.uhd.nhs.uk/about-us/foi,Joomla cloak-script obfuscated; decoded from script source
University Hospitals Plymouth NHS Trust,RK9,communications.phnt@nhs.net,,https://www.plymouthhospitals.nhs.uk/contact-us,plh-tr.foi-requests@nhs.net,,https://www.plymouthhospitals.nhs.uk/foi/,
University Hospitals Sussex NHS Foundation Trust,RYR,UHSussex.media@nhs.net,,https://www.uhsussex.nhs.uk/contact/press-media/,UHSussex.foi@nhs.net,,https://www.uhsussex.nhs.uk/freedom-of-information/,Cloudflare email-protection decoded
University Hospitals of Derby and Burton NHS Foundation Trust,RTG,uhdb.communications@nhs.net,,https://www.uhdb.nhs.uk/information-for-journalists,uhdb.foi@nhs.net,,https://www.uhdb.nhs.uk/freedom-of-information-foi,
University Hospitals of Leicester NHS Trust,RWE,uhl-tr.pressoffice@nhs.net,communications@uhl-tr.nhs.uk,https://www.uhleicester.nhs.uk/contact/,uhl-tr.foi-freedomofinformation@nhs.net,foi@uhl-tr.nhs.uk,https://www.uhleicester.nhs.uk/foi/about-freedom-of-information/,Press email obscured/encoded on contact page; FOI page not located
University Hospitals of Morecambe Bay NHS Foundation Trust,RTX,communications.team@mbht.nhs.uk,,https://www.uhmb.nhs.uk/get-in-touch/contact-our-corporate-communications-team,Freedom.Information@mbht.nhs.uk,,https://www.uhmb.nhs.uk/our-trust/freedom-information,
University Hospitals of North Midlands NHS Trust,RJE,communications@uhnm.nhs.uk,Communications@uh​nm.n​hs.uk,https://www.uhnm.nhs.uk/contact-us/information-for-journalists/,foi@uhnm.nhs.uk,,https://www.uhnm.nhs.uk/contact-us,
Walsall Healthcare NHS Trust,RBK,wht.communications@nhs.net,,Temp/Comms contacts.xlsx (May 2026),wht.foi@nhs.net,FOI@walsallhealthcare.nhs.uk,https://www.walsallhealthcare.nhs.uk/about-us/foi/,No press email published; out-of-hours via switchboard 01922 721172; Walsall Healthcare media page advises out-of-hours via switchboard only; no published press email.
Warrington and Halton Teaching Hospitals NHS Foundation Trust,RWW,ncm.media@nhs.net,whh.communications@nhs.net,https://northcheshireandmersey.nhs.uk/contact-us,ncm.foi@nhs.net,whh.foi@nhs.net,https://northcheshireandmersey.nhs.uk/about-us/freedom-of-information/,FOI primary updated 2026-05-16 from https://northcheshireandmersey.nhs.uk/about-us/freedom-of-information/; prior value moved to _alt
West Hertfordshire Teaching Hospitals NHS Trust,RWG,westherts.communications@nhs.net,,https://www.westhertshospitals.nhs.uk/about-us/news/media-enquiries,westherts.foi@nhs.net,,https://www.westhertshospitals.nhs.uk/about-us/foi,
West London NHS Trust,RKL,wlt.communications@nhs.net,communications@westlondon.nhs.uk,https://www.westlondon.nhs.uk/news/media-and-communications,wlt.foi@nhs.net,foi@westlondon.nhs.uk,https://www.westlondon.nhs.uk/about-us/freedom-information,
West Midlands Ambulance Service University NHS Foundation Trust,RYA,pressoffice@wmas.nhs.uk,,https://www.wmas.nhs.uk/contact/,foi@wmas.nhs.uk,,https://www.wmas.nhs.uk/foi/,Cloudflare email-protection decoded
West Suffolk NHS Foundation Trust,RGR,media@wsh.nhs.uk,,http://www.wsh.nhs.uk/contact-us/,foi@wsh.nhs.uk,,http://www.wsh.nhs.uk/contact-us/,
Whittington Health NHS Trust,RKE,communications.whitthealth@nhs.net,,https://www.whittington.nhs.uk/default.asp?c=23363,foi.whitthealth@nhs.net,,Temp/Comms contacts.xlsx (May 2026),FOI email not located; Whittington FOI sub-pages (default.asp ?c= numeric IDs) all 404 in tests.
Wirral Community Health and Care NHS Foundation Trust,RY7,wcnt.communications@nhs.net,,Temp/Comms contacts.xlsx (May 2026),wcnt.foi@nhs.net,,Temp/Comms contacts.xlsx (May 2026),no listed emails on either page; phone-only contact; Wirral Community: contact page lists media phone numbers but no email; FOI page lists no email; sub-paths 404.
Wirral University Teaching Hospital NHS Foundation Trust,RBL,wih-tr.communications@nhs.net,,https://www.wuth.nhs.uk/contact-us,wih-tr.accesstoinformationoffice@nhs.net,,https://www.wuth.nhs.uk/contact-us,FOI inbox combined with Access to Information Office (handles both FOI and SARs)
Worcestershire Acute Hospitals NHS Trust,RWP,wah-tr.communications@nhs.net,,https://www.worcsacute.nhs.uk/contact-us/press-office/,wah-tr.foi@nhs.net,,https://www.worcsacute.nhs.uk/our-trust/freedom-of-information/freedom-of-information-publication-scheme/,
"Wrightington, Wigan and Leigh Teaching Hospitals NHS Foundation Trust",RRF,PRenquiries@wwl.nhs.uk,,https://www.wwl.nhs.uk/contact-us/,FOI@wwl.nhs.uk,,https://www.wwl.nhs.uk/freedom-of-information,
Wye Valley NHS Trust,RLQ,WVTcommsteam@wvt.nhs.uk,,https://www.wyevalley.nhs.uk/news-events/press-office.aspx,Freedom.Information@wvt.nhs.uk,,https://www.wyevalley.nhs.uk/about-us/information-requests/freedom-of-information-requests.aspx,in progress
York and Scarborough Teaching Hospitals NHS Foundation Trust,RCB,yhs-tr.communications.team@nhs.net,,https://www.yorkhospitals.nhs.uk/news-amp-media/media-enquiries/,yhs-tr.foirequests@nhs.net,,https://www.yorkhospitals.nhs.uk/about-us/information-governance/freedom-of-information/,
Yorkshire Ambulance Service NHS Trust,RX8,yas.pressoffice@nhs.net,,https://www.yas.nhs.uk/contact-us/,yas.foi@nhs.net,,https://www.yas.nhs.uk/contact-us/,
North London NHS Foundation Trust,G6V2S,nlft.communications@nhs.net,,https://www.northlondonmentalhealth.nhs.uk/contact-us,nlft.freedom.information@nhs.net,nlft.information.request@nhs.net,https://www.northlondonmentalhealth.nhs.uk/freedom-of-information,"added 2026-05-16; new entity formed Nov 2024 from merger of Camden & Islington FT (TAF) and Barnet, Enfield and Haringey MH Trust (RRP); contacts to be populated by next rotation batch; press + FOI emails populated 2026-05-16 from northlondonmentalhealth.nhs.uk"
The Online NHS Trust,K0N6A,,,,,,,"Shadow / pre-legal trust as of 2026-05-16. ODS operational date 2026-04-07; legal establishment date 2026-06-01. No public website, press office or FOI process yet. Registered address is DHSC HQ (Wellington House, 133-155 Waterloo Road, London SE1 8UG). Until the trust is operational with patients (expected 2027), route press enquiries via NHS England press office (nhsengland.media@nhs.net) and FOI requests via NHS England (england.contactus@nhs.net) or DHSC."
